rang,id,author,author_short,year,title,journal,type,langue,doi,url,number_citations,citations_source,citations_imputees,citations_utilisees,recurrence,cite_par,bibliographie_depouillee,round,direction,found_via,statut,c1,c2,c3,c4,pertinence_thematique,cit_norm,year_norm,pert_norm,score,citationAuteurAnnee,etiquette,notes,rang_inclus
1,porter1965,"Porter, John",,1965,The Vertical Mosaic: An Analysis of Social Class and Power in Canada,Toronto : University of Toronto Press,book,en,,,257.0,Consensus/Semantic Scholar 2026-09 (fiche du compte rendu Social Forces 1965),0,257.0,50,beattie1971; beattie1972; beland1982; beland1987; beland2010; blishen1967; blishen1970; blishen1987; boulet1980; boyd1985; breton1978; coleman1984; cuneo1975; darroch1979; dean2022; dofny1969; donovan2024; fenwick1982; fortin2011; gagnon2023; geloso2025; helmeshayes1998; herberg1990; laczko1995; lanphier1974; lautard1990; levine1990; lian1998; lieberson1970; marion1972; mcroberts1976; mcroberts1979; mcroberts1988; migue1970; nakhaie1994; nakhaie1997; ogmundson1992; pendakur2002; pettinicchio2012; ram1980; raynauld1974; rcbb1969; sales1985; vaillancourt1978; vaillancourt1980; vaillancourt1989; vaillancourt1996; vaillancourt2024b; wanner1999; wanner2005,1,1,backward,"Consensus ; cité par beland2010, nakhaie1994, fenwick1982, ram1980",inclus,2,2,1,1,6,0.9360637346330659,0.2857142857142857,0.625,0.649,"(Porter, 1965)","The Vertical Mosaic: An Analysis of Social Class and Po... (Porter, 1965)",Ouvrage fondateur de la stratification ethnique au Canada (recensement 1961) : 'mosaïque verticale' où les Canadiens français sont sous-représentés dans les professions supérieures et les élites économiques ; chapitre 'Ethnicity and social class'.,1.0
2,rcbb1969,Commission royale d'enquête sur le bilinguisme et le biculturalisme (Laurendeau-Dunton),Commission B-B,1969,"Rapport de la Commission royale d'enquête sur le bilinguisme et le biculturalisme, Livre III : Le monde du travail",Ottawa : Imprimeur de la Reine,report,fr/en,,,,non indexé dans Consensus (rapport gouvernemental),1,15.0,80,albouy2008; beattie1971; beattie1972; beland1982; beland1987; beland2010; blishen1970; bloom1992; boulet1980; boulet1983; bourhis2012; bourhis2017; bourhis2019; boyd1985; breton1978; carliner1981; chiswick1988; christofides1998; coleman1984; cuneo1975; darroch1979; dean2022; dofny1969; donovan2024; fenwick1982; floch2012; fortin2011; gagnon2023; geloso2025; grenier1984; grenier1987; grenier2016; grenier2019; helmeshayes1998; herberg1990; lacroix1981; laczko1995; lanphier1974; lautard1990; levine1990; lian1998; lieberson1970; marion1972; mcroberts1976; mcroberts1979; mcroberts1988; migue1970; nadeau2010; nakhaie1994; nakhaie1997; ogmundson1992; pettinicchio2012; ram1980; raynauld1974; raynauld1975; sales1985; shapiro1981; shapiro1982; shapiro1987; shapiro1997; vaillancourt1978; vaillancourt1979; vaillancourt1980; vaillancourt1985; vaillancourt1988; vaillancourt1989; vaillancourt1991; vaillancourt1996; vaillancourt2001; vaillancourt2005; vaillancourt2007; vaillancourt2013; vaillancourt2017; vaillancourt2018; vaillancourt2019; vaillancourt2020; vaillancourt2024; vaillancourt2024b; wanner1999; wanner2005,1,1,backward,"bibliographies ram1980, vaillancourt2013, gagnon2023, dean2022 ; connaissance du texte",inclus,2,2,1,1,6,0.46737594867222937,0.3333333333333333,1.0,0.647,"(Commission B-B, 1969)","Rapport de la Commission royale d'enquête sur le biling... (Commission B-B, 1969)","Document fondateur : à partir du recensement de 1961, hiérarchie des revenus selon l'origine ethnique au Québec (les Canadiens français unilingues au 12e rang sur 14 ; revenu moyen des hommes d'origine française inférieur de 35 % à celui des hommes d'origine britannique) ; sous-représentation des francophones dans la direction des entreprises ; explications (scolarité, structure industrielle, propriété, discrimination).",2.0
3,carliner1981,"Carliner, Geoffrey",,1981,Wage differences by language group and the market for language skills in Canada,"Journal of Human Resources, 16(3), 384-399",article,en,10.2307/145627,,158.0,Consensus/Semantic Scholar 2026-09,0,158.0,39,albouy2008; beland2010; bloom1992; boulet1983; bousmah2021; boyd1985; chiswick1988; christofides1998; christofides2006; christofides2010; dean2022; fenwick1982; gagnon2023; geloso2025; grenier1984; grenier1987; grenier2016; grenier2019; laczko1995; levine1990; nadeau2010; nadeau2010b; nakhaie1994; pendakur2002; pettinicchio2012; shapiro1982; shapiro1987; shapiro1997; vaillancourt1985; vaillancourt1988; vaillancourt1991; vaillancourt1996; vaillancourt2001; vaillancourt2007; vaillancourt2013; vaillancourt2017; vaillancourt2018; vaillancourt2020; vaillancourt2024,1,1,backward,"bibliographies albouy2008, christofides2010, dean2022 ; Consensus",inclus,2,2,1,1,6,0.8544664021887505,0.47619047619047616,0.4875,0.613,"(Carliner, 1981)","Wage differences by language group and the market for l... (Carliner, 1981)","Recensement 1971 : théorie de la prime à la langue en 'demande excédentaire' ; au Québec, rendement de l'anglais pour les francophones, mais les francophones bilingues gagnent toujours moins que les anglophones unilingues, ceteris paribus.",3.0
4,lieberson1970,"Lieberson, Stanley",,1970,Language and Ethnic Relations in Canada,New York : John Wiley & Sons,book,en,,,120.0,Consensus/Semantic Scholar 2026-09 (fiche du compte rendu PSQ 1972),0,120.0,46,albouy2008; beattie1971; beattie1972; beland1987; beland2010; bloom1992; boulet1980; boulet1983; bourhis2012; bourhis2017; bourhis2019; boyd1985; breton1978; carliner1981; chiswick1988; coleman1984; cuneo1975; darroch1979; dean2022; fenwick1982; floch2012; gagnon2023; geloso2025; helmeshayes1998; herberg1990; lacroix1981; laczko1995; lanphier1974; lautard1990; levine1990; lian1998; mcroberts1976; mcroberts1979; mcroberts1988; nakhaie1994; nakhaie1997; ogmundson1992; pendakur2002; pettinicchio2012; ram1980; sales1985; vaillancourt1978; vaillancourt1979; vaillancourt1980; vaillancourt1985; vaillancourt1996,1,1,backward,"Consensus ; cité par ram1980, albouy2008",inclus,2,2,1,1,6,0.8084275673136565,0.34523809523809523,0.575,0.599,"(Lieberson, 1970)","Language and Ethnic Relations in Canada (Lieberson, 1970)",Sociologie écologique du bilinguisme ; chapitre sur les exigences professionnelles (Occupational Demands) et les écarts de revenu par langue maternelle à Montréal (1961) ; analyse des offres d'emploi.,4.0
5,vaillancourt1996,"Vaillancourt, François",,1996,"Language and socioeconomic status in Quebec: measurement, findings, determinants, and policy costs","International Journal of the Sociology of Language, 121, 69-92",article,en,10.1515/ijsl.1996.121.69,,61.0,Consensus/Semantic Scholar 2026-09,0,61.0,36,albouy2008; beland2010; bourhis2012; bourhis2017; bourhis2019; bousmah2021; christofides1998; christofides2006; christofides2010; dean2022; donovan2024; floch2012; fortin2011; gagnon2023; geloso2025; grenier2016; grenier2019; helmeshayes1998; nadeau2010; nadeau2010b; oqlf2022; pendakur2002; pettinicchio2012; shapiro1997; vaillancourt2001; vaillancourt2005; vaillancourt2007; vaillancourt2013; vaillancourt2017; vaillancourt2018; vaillancourt2019; vaillancourt2020; vaillancourt2024; vaillancourt2024b; wanner1999; wanner2005,1,1,backward,"bibliographies christofides2010, gagnon2023, dean2022 ; Consensus",inclus,2,2,1,1,6,0.6957120372869384,0.6547619047619048,0.45,0.587,"(Vaillancourt, 1996)","Language and socioeconomic status in Quebec: measuremen... (Vaillancourt, 1996)","Synthèse des outils de mesure (revenu, propriété, langue de travail) et des résultats sur le statut des francophones depuis 1960 ; déterminants (scolarité, demande de français, politiques) et coûts des politiques linguistiques.",5.0
6,shapiro1997,"Shapiro, Daniel M.; Stelcner, Morton",,1997,"Language and earnings in Quebec: Trends over twenty years, 1970-1990","Canadian Public Policy / Analyse de politiques, 23(2), 115-140",article,en,10.2307/3551481,,85.0,Consensus/Semantic Scholar 2026-09,0,85.0,29,albouy2008; beland2010; bourhis2017; bousmah2021; christofides1998; christofides2006; christofides2010; dean2022; donovan2024; floch2012; fortin2011; gagnon2023; geloso2025; grenier2016; grenier2019; nadeau2010; nadeau2010b; oqlf2022; pendakur2002; pettinicchio2012; vaillancourt2001; vaillancourt2007; vaillancourt2013; vaillancourt2017; vaillancourt2018; vaillancourt2020; vaillancourt2024; wanner1999; wanner2005,1,1,backward,"bibliographies nadeau2010, albouy2008 (IDEAS) ; Consensus",inclus,2,2,1,1,6,0.750870396536951,0.6666666666666666,0.3625,0.574,"(Shapiro et Stelcner, 1997)","Language and earnings in Quebec: Trends over twenty yea... (Shapiro et Stelcner, 1997)","Recensements 1971, 1981, 1991 : depuis la Loi 101, l'écart entre anglophones (unilingues et bilingues) et francophones bilingues s'est refermé ; détérioration relative des allophones et des francophones unilingues ; analyse par sexe.",6.0
7,levine1990,"Levine, Marc V.",,1990,The Reconquest of Montreal: Language Policy and Social Change in a Bilingual City,Philadelphia : Temple University Press,book,en,,,112.0,Consensus/Semantic Scholar 2026-09 (fiche du compte rendu APSR 1991),0,112.0,28,albouy2008; beland2010; bloom1992; bourhis2012; bourhis2017; bourhis2019; dean2022; donovan2024; floch2012; fortin2011; gagnon2023; geloso2025; grenier2016; grenier2019; helmeshayes1998; laczko1995; nakhaie1997; pettinicchio2012; shapiro1997; vaillancourt1991; vaillancourt1996; vaillancourt2001; vaillancourt2005; vaillancourt2007; vaillancourt2018; vaillancourt2019; vaillancourt2024b; wanner1999,1,1,backward,"Consensus ; bibliographies gagnon2023, dean2022",inclus,2,2,1,1,6,0.7968969031682949,0.5833333333333334,0.35,0.565,"(Levine, 1990)","The Reconquest of Montreal: Language Policy and Social... (Levine, 1990)","Francisation de l'économie montréalaise 1960-1989 : langue de travail, contrôle du capital, statut socioéconomique des francophones ; rôle conjoint de l'État québécois (sociétés d'État, Loi 101) et des forces du marché ; exode anglophone.",7.0
8,albouy2008,"Albouy, David",,2008,"The wage gap between Francophones and Anglophones: a Canadian perspective, 1970-2000","Canadian Journal of Economics, 41(4), 1211-1238",article,en,10.1111/j.1540-5982.2008.00501.x,,56.0,Consensus/Semantic Scholar 2026-09,0,56.0,23,beland2010; bourhis2017; bousmah2021; christofides2010; dean2022; donovan2024; floch2012; fortin2011; gagnon2023; geloso2025; grenier2016; grenier2019; nadeau2010; nadeau2010b; oqlf2022; pettinicchio2012; serre2023; vaillancourt2013; vaillancourt2017; vaillancourt2018; vaillancourt2019; vaillancourt2020; vaillancourt2024,1,0,seed,Consensus,inclus,2,2,1,1,6,0.6815381259677549,0.7976190476190477,0.2875,0.553,"(Albouy, 2008)","The wage gap between Francophones and Anglophones: a Ca... (Albouy, 2008)","Écart salarial hommes F/A : -25 points au Québec 1970-2000, -10 points au Canada ; salaires des anglophones du Québec en baisse relative (-15 pts) ; plus de la moitié de la réduction expliquée par la hausse de scolarité des francophones ; baisse de la demande de travail anglophone au Québec.",8.0
9,vaillancourt2007,"Vaillancourt, François; Lemay, Dominique; Vaillancourt, Luc",,2007,Laggards no more: The changed socioeconomic status of francophones in Quebec,C.D. Howe Institute Backgrounder no 103,report,en,,https://cdhowe.org/wp-content/uploads/2024/04/backgrounder_103_english.pdf,33.0,Consensus/Semantic Scholar 2026-09,0,33.0,27,albouy2008; beland2010; bourhis2012; bourhis2017; bourhis2019; bousmah2021; christofides2010; dean2022; donovan2024; floch2012; fortin2011; gagnon2023; geloso2025; grenier2016; grenier2019; nadeau2010; nadeau2010b; oqlf2022; pettinicchio2012; serre2023; vaillancourt2013; vaillancourt2017; vaillancourt2018; vaillancourt2019; vaillancourt2020; vaillancourt2024; vaillancourt2024b,1,1,backward,"bibliographies nadeau2010, christofides2010, vaillancourt2013 ; Consensus",inclus,2,2,1,1,6,0.5944394429410232,0.7857142857142857,0.3375,0.539,"(Vaillancourt et al., 2007)","Laggards no more: The changed socioeconomic status of f... (Vaillancourt et al., 2007)","1970-2000 : rendement du français en hausse, de l'anglais en baisse ; le bilinguisme accroît le revenu des hommes anglophones depuis 1980 et des femmes anglophones depuis 1990 ; propriété francophone de l'économie de 47 % (1961) à 67 % (2003).",9.0
10,blishen1987,"Blishen, Bernard R.; Carroll, William K.; Moore, Catherine",,1987,The 1981 socioeconomic index for occupations in Canada,"Canadian Review of Sociology and Anthropology, 24(4), 465-488",article,en,10.1111/j.1755-618x.1987.tb00639.x,,376.0,Consensus/Semantic Scholar 2026-09,0,376.0,10,beland1987; helmeshayes1998; herberg1990; lautard1990; lian1998; nakhaie1994; nakhaie1997; ogmundson1992; wanner1999; wanner2005,1,3,forward,citant blishen1958 (Consensus),contexte,0,2,1,0,3,1.0,0.5476190476190477,0.125,0.537,"(Blishen et al., 1987)","The 1981 socioeconomic index for occupations in Canada (Blishen et al., 1987)","Indice socioéconomique 1981 (revenu + scolarité, calibré sur l'échelle de prestige Pineo-Porter) ; outil standard des études de statut professionnel au Canada dans les années 1980-1990.",
11,vaillancourt1980,"Vaillancourt, François",,1980,"Differences in earnings by language groups in Quebec, 1970: An economic analysis","Québec : Centre international de recherche sur le bilinguisme (CIRB), Université Laval, Publication B-90",book,en,,,20.0,Consensus/Semantic Scholar 2026-09,0,20.0,47,albouy2008; beland2010; bloom1992; boulet1983; bousmah2021; boyd1985; chiswick1988; christofides1998; christofides2006; christofides2010; coleman1984; dean2022; fenwick1982; floch2012; fortin2011; gagnon2023; grenier1984; grenier1987; grenier2016; grenier2019; lacroix1981; laczko1995; levine1990; mcroberts1988; nadeau2010; nadeau2010b; nakhaie1994; pendakur2002; sales1985; shapiro1981; shapiro1982; shapiro1987; shapiro1997; vaillancourt1985; vaillancourt1988; vaillancourt1989; vaillancourt1991; vaillancourt1996; vaillancourt2001; vaillancourt2005; vaillancourt2007; vaillancourt2013; vaillancourt2017; vaillancourt2018; vaillancourt2019; vaillancourt2020; vaillancourt2024,1,1,backward,"bibliographies albouy2008, christofides2010, gagnon2023 ; Consensus",inclus,2,2,1,1,6,0.5132158805851962,0.4642857142857143,0.5875,0.531,"(Vaillancourt, 1980)","Differences in earnings by language groups in Quebec, 1... (Vaillancourt, 1980)",Thèse (Queen's) : cadre où la langue est à la fois attribut ethnique et capital humain ; équation de revenu des hommes du Québec en 1970 ; contribution de l'ethnicité à l'écart anglophones/francophones.,10.0
12,christofides2010,"Christofides, Louis N.; Swidinsky, Robert",,2010,The economic returns to the knowledge and use of a second official language: English in Quebec and French in the rest-of-Canada,"Canadian Public Policy / Analyse de politiques, 36(2), 137-158",article,en,10.3138/cpp.36.2.137,,62.0,"Consensus/Semantic Scholar 2026-09 (fiche Project MUSE, DOI 10.1353/cpp.0.0067)",0,62.0,15,bousmah2021; donovan2024; floch2012; gagnon2023; geloso2025; grenier2016; grenier2019; nadeau2010; nadeau2010b; oqlf2022; vaillancourt2013; vaillancourt2017; vaillancourt2018; vaillancourt2020; vaillancourt2024,1,0,seed,WebSearch,inclus,2,2,1,1,6,0.698409218681311,0.8214285714285714,0.1875,0.525,"(Christofides et Swidinsky, 2010)","The economic returns to the knowledge and use of a seco... (Christofides et Swidinsky, 2010)",Rendement de la connaissance et de l'usage de l'anglais au Québec (et du français hors Québec) à partir du recensement 2001/EDI 2006 : rendement du bilinguisme surtout lié à l'usage au travail.,11.0
13,grenier1987,"Grenier, Gilles",,1987,Earnings by language group in Quebec in 1980 and emigration from Quebec between 1976 and 1981,"Canadian Journal of Economics, 20(4), 774-791",article,en,10.2307/135415,,42.0,Consensus/Semantic Scholar 2026-09,0,42.0,33,albouy2008; beland2010; bloom1992; bourhis2017; bousmah2021; chiswick1988; christofides1998; christofides2006; christofides2010; dean2022; floch2012; gagnon2023; geloso2025; grenier2016; grenier2019; laczko1995; levine1990; mcroberts1988; nadeau2010; nadeau2010b; pendakur2002; pettinicchio2012; shapiro1997; vaillancourt1988; vaillancourt1991; vaillancourt1996; vaillancourt2001; vaillancourt2007; vaillancourt2013; vaillancourt2017; vaillancourt2018; vaillancourt2020; vaillancourt2024,1,1,backward,"bibliographies albouy2008, gagnon2023 (IDEAS) ; Consensus",inclus,2,2,1,1,6,0.6340264093688938,0.5476190476190477,0.4125,0.524,"(Grenier, 1987)","Earnings by language group in Quebec in 1980 and emigra... (Grenier, 1987)","Recensement 1981 : modèle à deux équations (émigration, revenu) ; biais de sélection chez les anglophones ; le rendement de l'apprentissage du français est sous-estimé si l'on ignore l'émigration.",12.0
14,chiswick1988,"Chiswick, Barry R.; Miller, Paul W.",,1988,"Earnings in Canada: The roles of immigrant generation, French ethnicity, and language","Research in Population Economics, 6, 183-228 (réédité 2007 dans The Economics of Language, Routledge)",article,en,10.4324/9780203963159-26,,90.0,Consensus/Semantic Scholar 2026-09,0,90.0,21,albouy2008; beland2010; bloom1992; bousmah2021; christofides1998; christofides2006; christofides2010; grenier2016; grenier2019; laczko1995; nadeau2010; nadeau2010b; pendakur2002; shapiro1997; vaillancourt1991; vaillancourt1996; vaillancourt2001; vaillancourt2007; vaillancourt2013; vaillancourt2017; vaillancourt2018,1,1,backward,"bibliographies christofides2010, nadeau2010 ; Consensus",inclus,2,2,1,1,6,0.7603966734317288,0.5595238095238095,0.2625,0.511,"(Chiswick et Miller, 1988)","Earnings in Canada: The roles of immigrant generation,... (Chiswick et Miller, 1988)","Recensements 1971 et 1981 : effets du statut d'immigrant, de l'ethnicité française et de la compétence linguistique sur les gains ; comparaison décennale.",13.0
15,pendakur2002,"Pendakur, Krishna; Pendakur, Ravi",,2002,Language as both human capital and ethnicity,"International Migration Review, 36(1), 147-177",article,en,10.1111/j.1747-7379.2002.tb00075.x,,147.0,Consensus/Semantic Scholar 2026-09,0,147.0,6,bousmah2021; christofides2006; christofides2010; grenier2016; nadeau2010b; vaillancourt2018,1,1,backward,bibliographie christofides2010 ; Consensus,contexte,1,2,1,1,5,0.8423812765422568,0.7261904761904762,0.075,0.506,"(Pendakur et Pendakur, 2002)","Language as both human capital and ethnicity (Pendakur et Pendakur, 2002)","Montréal, Toronto, Vancouver (1991) : la connaissance d'une langue minoritaire est associée à des gains inférieurs, conditionnellement à la langue majoritaire ; la langue opère comme capital humain et comme marqueur ethnique (enclaves, discrimination).",
16,raynauld1966,"Raynauld, André; Marion, Gérald; Béland, Richard",,1966,La répartition des revenus selon les groupes ethniques au Canada (3 vol.),Étude préparée pour la Commission royale d'enquête sur le bilinguisme et le biculturalisme (non publiée),report,fr,,,,non indexé dans Consensus,1,15.0,53,beattie1971; beattie1972; beland2010; blishen1970; boulet1980; boulet1983; boyd1985; breton1978; carliner1981; coleman1984; cuneo1975; darroch1979; dean2022; fenwick1982; fortin2011; geloso2025; herberg1990; lacroix1981; laczko1995; lanphier1974; lautard1990; levine1990; lieberson1970; marion1972; mcroberts1976; mcroberts1979; mcroberts1988; migue1970; nakhaie1994; raynauld1974; raynauld1975; rcbb1969; sales1985; shapiro1981; shapiro1982; shapiro1987; shapiro1997; vaillancourt1978; vaillancourt1979; vaillancourt1980; vaillancourt1985; vaillancourt1988; vaillancourt1989; vaillancourt1996; vaillancourt2001; vaillancourt2005; vaillancourt2007; vaillancourt2013; vaillancourt2017; vaillancourt2018; vaillancourt2020; vaillancourt2024; vaillancourt2024b,1,1,backward,"bibliographies rcbb1969, vaillancourt1980, vaillancourt2013 ; connaissance du texte",inclus,2,2,1,1,6,0.46737594867222937,0.2976190476190476,0.6625,0.503,"(Raynauld et al., 1966)","La répartition des revenus selon les groupes ethniques... (Raynauld et al., 1966)","Analyse du recensement de 1961 pour la Commission B-B : revenus de travail par origine ethnique et langue, décomposition par scolarité, profession, industrie ; base empirique du Livre III.",14.0
17,boulet1980,"Boulet, Jac-André",,1980,Language and Earnings in Montreal / La langue et le revenu du travail à Montréal,Ottawa : Conseil économique du Canada,book,en/fr,,,,,1,15.0,43,albouy2008; beland2010; bloom1992; boulet1983; bousmah2021; boyd1985; carliner1981; chiswick1988; christofides1998; christofides2006; christofides2010; coleman1984; fenwick1982; fortin2011; gagnon2023; grenier1984; grenier1987; grenier2016; grenier2019; lacroix1981; laczko1995; levine1990; mcroberts1988; nadeau2010; nadeau2010b; nakhaie1994; pendakur2002; sales1985; shapiro1981; shapiro1982; shapiro1987; shapiro1997; vaillancourt1985; vaillancourt1988; vaillancourt1991; vaillancourt1996; vaillancourt2001; vaillancourt2007; vaillancourt2013; vaillancourt2017; vaillancourt2018; vaillancourt2020; vaillancourt2024,1,1,backward,"bibliographies albouy2008, nadeau2010, christofides2010 ; connaissance du texte",inclus,2,2,1,1,6,0.46737594867222937,0.4642857142857143,0.5375,0.495,"(Boulet, 1980)","Language and Earnings in Montreal / La langue et le rev... (Boulet, 1980)",Recensements 1961 et 1971 (RMR de Montréal) : les écarts de revenu de travail par langue se réduisent entre 1961 et 1971 ; rôle de la scolarité et du bilinguisme ; un des rares travaux exploitant 1961.,15.0
18,blishen1958,"Blishen, Bernard R.",,1958,The construction and use of an occupational class scale,"Canadian Journal of Economics and Political Science, 24(4), 519-531",article,en,10.2307/139088,,151.0,Consensus/Semantic Scholar 2026-09,0,151.0,27,beattie1971; beattie1972; beland1982; beland1987; blishen1967; blishen1970; blishen1987; boyd1985; cuneo1975; darroch1979; dofny1962; dofny1969; fenwick1982; guindon1964; helmeshayes1998; herberg1990; laczko1995; lanphier1974; lautard1990; lieberson1970; mcroberts1976; migue1970; porter1965; raynauld1966; rcbb1969; sales1985; vaillancourt1980,0,3,backward,"demande de l'usager ; cité par porter1965, dejocas1957 (réanalyses), lanphier1974, beland1987",inclus,1,2,1,0,4,0.846876749375812,0.20238095238095238,0.3375,0.482,"(Blishen, 1958)","The construction and use of an occupational class scale (Blishen, 1958)","Outil de mesure du statut socioprofessionnel : échelle de classes professionnelles (recensement 1951) fondée sur revenu et scolarité ; application à certaines caractéristiques de la société canadienne, dont la distribution des origines britannique et française.",16.0
19,blishen1967,"Blishen, Bernard R.",,1967,A socio-economic index for occupations in Canada,"Canadian Review of Sociology and Anthropology, 4(1), 41-53",article,en,10.1111/j.1755-618x.1967.tb00473.x,,81.0,Consensus/Semantic Scholar 2026-09,0,81.0,27,beattie1971; beattie1972; beland1982; beland1987; blishen1970; blishen1987; boyd1985; cuneo1975; darroch1979; dofny1969; fenwick1982; helmeshayes1998; herberg1990; laczko1995; lanphier1974; lautard1990; lian1998; lieberson1970; mcroberts1976; nakhaie1994; nakhaie1997; ogmundson1992; ram1980; sales1985; vaillancourt1980; wanner1999; wanner2005,1,3,forward,citant blishen1958 (Consensus),contexte,0,2,1,0,3,0.7428417248478526,0.30952380952380953,0.3375,0.472,"(Blishen, 1967)","A socio-economic index for occupations in Canada (Blishen, 1967)","Indice socioéconomique des professions (recensement 1961) utilisé par les études de statut francophones/anglophones (McRoberts et al. 1976, Boyd et al. 1985, Béland 1987).",
20,nadeau2010,"Nadeau, Serge",,2010,"Another look at the Francophone wage gap in Canada: Public and private sectors, Quebec and outside Quebec","Canadian Public Policy / Analyse de politiques, 36(2), 159-179",article,en,10.3138/cpp.36.2.159,,22.0,"Consensus/Semantic Scholar 2026-09 (fiche Project MUSE, DOI 10.1353/cpp.0.0068)",0,22.0,15,bousmah2021; christofides2010; donovan2024; floch2012; gagnon2023; geloso2025; grenier2016; grenier2019; nadeau2010b; oqlf2022; vaillancourt2013; vaillancourt2017; vaillancourt2018; vaillancourt2020; vaillancourt2024,1,0,seed,Consensus/WebSearch,inclus,2,2,1,1,6,0.528551015147438,0.8214285714285714,0.1875,0.465,"(Nadeau, 2010)","Another look at the Francophone wage gap in Canada: Pub... (Nadeau, 2010)","Décomposition Blinder-Oaxaca 1970-2000 : hors Québec, aucun avantage anglophone inexpliqué ; au Québec, prime salariale des francophones dans le secteur public (1970-2000) et dans le privé en 2000, allant au-delà des compétences linguistiques.",17.0
21,boyd1985,"Boyd, Monica; Goyder, John; Jones, Frank E.; McRoberts, Hugh A.; Pineo, Peter C.; Porter, John",,1985,Ascription and Achievement: Studies in Mobility and Status Attainment in Canada,Ottawa : Carleton University Press,book,en,,,60.0,Consensus/Semantic Scholar 2026-09 (fiche du compte rendu Contemporary Sociology 1988),0,60.0,14,beland1987; blishen1987; helmeshayes1998; herberg1990; laczko1995; lautard1990; lian1998; mcroberts1988; nakhaie1994; nakhaie1997; ogmundson1992; sales1985; wanner1999; wanner2005,1,1,backward,"Consensus ; cité par nakhaie1994, beland1987",inclus,2,2,1,1,6,0.6929709973673165,0.5238095238095238,0.175,0.443,"(Boyd et al., 1985)","Ascription and Achievement: Studies in Mobility and Sta... (Boyd et al., 1985)",Statut socioprofessionnel : synthèse de la Canadian Mobility Study (1973) ; chapitres sur l'attainment du statut des francophones et des anglophones ; convergence intergénérationnelle.,18.0
22,vaillancourt2018,"Vaillancourt, François",,2018,Analyse économique des politiques linguistiques au Québec : 40 ans de Loi 101,"CIRANO, Cahier scientifique 2018s-16",report,fr,,https://cirano.qc.ca/files/publications/2018s-16.pdf,,non indexé dans Consensus,1,15.0,7,geloso2025; grenier2019; oqlf2022; vaillancourt2019; vaillancourt2020; vaillancourt2024; vaillancourt2024b,1,1,forward,WebSearch,inclus,2,2,1,1,6,0.46737594867222937,0.9166666666666666,0.0875,0.428,"(Vaillancourt, 2018)","Analyse économique des politiques linguistiques au Québ... (Vaillancourt, 2018)","Bilan économique de 40 ans de Loi 101 : revenus de travail par attribut linguistique 1970-2015, propriété des entreprises 1961-2003, langue de travail ; coûts et bénéfices des politiques.",19.0
23,vaillancourt2013,"Vaillancourt, François; Tousignant, Julien; Chatel-DeRepentigny, Joëlle; Coutu-Mantha, Simon",,2013,Revenus de travail et rendement des attributs linguistiques au Québec en 2005 et depuis 1970,"Canadian Public Policy / Analyse de politiques, 39(S1), S25-S40",article,fr,10.3138/cpp.39.supplement1.s25,,9.0,Consensus/Semantic Scholar 2026-09,0,9.0,15,bourhis2017; bourhis2019; bousmah2021; donovan2024; gagnon2023; geloso2025; grenier2016; grenier2019; oqlf2022; serre2023; vaillancourt2017; vaillancourt2018; vaillancourt2019; vaillancourt2020; vaillancourt2024,1,0,seed,Consensus,inclus,2,2,1,1,6,0.38814732369222815,0.8571428571428571,0.1875,0.425,"(Vaillancourt et al., 2013)","Revenus de travail et rendement des attributs linguisti... (Vaillancourt et al., 2013)",Recensement 2006 (revenus 2005) comparé à 1970-2000 : le bilinguisme augmente le revenu de tous les groupes ; l'avantage historique (1970) des anglophones n'existe plus en 2005.,20.0
24,vaillancourt2020,"Vaillancourt, François",,2020,La rémunération des attributs linguistiques au Québec : résultats pour 2015 et comparaison 1970-2015,"CIRANO, Rapport 2020s-52 ; version anglaise REAL Working Paper 20-8 (Ulster University)",report,fr,,https://cirano.qc.ca/files/publications/2020s-52.pdf,,non indexé dans Consensus,1,15.0,4,donovan2024; oqlf2022; serre2023; vaillancourt2024,1,1,forward,WebSearch,inclus,2,2,1,1,6,0.46737594867222937,0.9404761904761905,0.05,0.419,"(Vaillancourt, 2020)","La rémunération des attributs linguistiques au Québec :... (Vaillancourt, 2020)",Recensement 2016 (revenus 2015) : effets nets des attributs linguistiques ; les anglophones bilingues et les francophones bilingues au sommet ; comparaison 1970-2015.,21.0
25,vaillancourt1988,"Vaillancourt, François",,1988,"Langue et disparités de statut économique au Québec, 1970 et 1980","Québec : Conseil de la langue française, coll. Dossiers no 28",report,fr,,,,non indexé dans Consensus,1,15.0,23,albouy2008; beland2010; bloom1992; christofides1998; floch2012; gagnon2023; grenier2016; grenier2019; laczko1995; levine1990; mcroberts1988; nadeau2010; shapiro1997; vaillancourt1989; vaillancourt1991; vaillancourt1996; vaillancourt2001; vaillancourt2007; vaillancourt2013; vaillancourt2017; vaillancourt2018; vaillancourt2020; vaillancourt2024,1,1,backward,"bibliographies nadeau2010 (IDEAS), vaillancourt2013, gagnon2023",inclus,2,2,1,1,6,0.46737594867222937,0.5595238095238095,0.2875,0.418,"(Vaillancourt, 1988)","Langue et disparités de statut économique au Québec, 19... (Vaillancourt, 1988)",Recensements 1971 et 1981 : revenus de travail et rendement net des attributs linguistiques (hommes et femmes) ; réduction de l'avantage anglophone entre 1970 et 1980 ; premier volet de la série CLF.,22.0
26,pert2023,Provincial Employment Roundtable (PERT),PERT,2023,Census 2021 Update: A brief review of the latest data on employment among Québec's English speakers,Montréal : PERT,report,en,,https://pertquebec.ca/wp-content/uploads/2023/05/Census-Brief-Update.pdf,,non indexé dans Consensus (littérature grise),1,15.0,2,donovan2024; serre2023,1,1,forward,WebSearch,inclus,2,2,1,0,5,0.46737594867222937,0.9761904761904762,0.025,0.418,"(PERT, 2023)","Census 2021 Update: A brief review of the latest data o... (PERT, 2023)","Recensement 2021 (première langue officielle parlée) : taux de chômage 10,9 % (anglophones) contre 6,9 % (francophones) ; revenu d'emploi médian 32 000 $ contre 37 200 $ ; taux de pauvreté 10 % contre 5,8 % ; l'écart de chômage a doublé depuis 2016.",23.0
27,bourhis2019,"Bourhis, Richard Y.",,2019,Evaluating the impact of Bill 101 on the English-speaking communities of Quebec,"Language Problems and Language Planning, 43(2)",article,en,10.1075/lplp.00042.bou,,12.0,Consensus/Semantic Scholar 2026-09,0,12.0,7,donovan2024; grenier2019; pert2023; serre2023; vaillancourt2019; vaillancourt2020; vaillancourt2024,1,0,seed,Consensus,inclus,2,2,1,1,6,0.4323741309426475,0.9285714285714286,0.0875,0.418,"(Bourhis, 2019)","Evaluating the impact of Bill 101 on the English-speaki... (Bourhis, 2019)",Perspective de la minorité anglophone : perte nette interprovinciale de 310 000 anglophones ; ceux qui sont restés sont moins scolarisés et ont un revenu inférieur à celui des francophones (2016) ; rôle des lois linguistiques.,24.0
28,oqlf2022,Office québécois de la langue française,OQLF,2022,Portrait du revenu d'emploi au Québec en 2015 selon les langues utilisées au travail,Québec : OQLF (étude fondée sur le recensement de 2016),report,fr,,https://www.oqlf.gouv.qc.ca/ressources/sociolinguistique/2022/2022_etude_revenu-emploi-selon-langues-utilisees-travail.pdf,,non indexé dans Consensus (littérature grise),1,15.0,2,donovan2024; serre2023,1,3,forward,WebSearch,inclus,2,2,1,0,5,0.46737594867222937,0.9642857142857143,0.025,0.415,"(OQLF, 2022)","Portrait du revenu d'emploi au Québec en 2015 selon les... (OQLF, 2022)","Recensement 2016 (revenus 2015) : revenu d'emploi moyen des anglophones 48 793 $ contre 44 029 $ pour les francophones, mais revenu médian inférieur (33 412 $ contre 35 566 $) ; dispersion plus grande chez les anglophones ; effet des langues utilisées au travail.",25.0
29,lian1998,"Lian, Jason Z.; Matthews, David Ralph",,1998,"Does the vertical mosaic still exist? Ethnicity and income in Canada, 1991","Canadian Review of Sociology and Anthropology, 35(4), 461-481",article,en,10.1111/j.1755-618x.1998.tb00732.x,,48.0,Consensus/Semantic Scholar 2026-09,0,48.0,3,pendakur2002; wanner1999; wanner2005,1,2,forward,Consensus,contexte,1,2,1,1,5,0.6560450849781626,0.6785714285714286,0.0375,0.414,"(Lian et Matthews, 1998)","Does the vertical mosaic still exist? Ethnicity and inc... (Lian et Matthews, 1998)","Canada 1991 : à scolarité égale et autres variables contrôlées, les Canadiens d'origine française gagnent significativement plus que ceux d'origine britannique ; la race a remplacé l'ethnicité comme fondement des inégalités de revenu.",
30,geloso2025,"Geloso, Vincent; Reilly, Chandler S.",,2025,Revisiting Quebec's Quiet Revolution: A synthetic control analysis,"Canadian Journal of Economics, 58(2), 548-579",article,en,10.1111/caje.70000,,,,1,15.0,0,,1,2,forward,"WebSearch (IDEAS : cite gagnon2023, dean2022)",contexte,0,2,1,1,4,0.46737594867222937,1.0,0.0,0.414,"(Geloso et Reilly, 2025)","Revisiting Quebec's Quiet Revolution: A synthetic contr... (Geloso et Reilly, 2025)","Contrôle synthétique : 1960 n'est pas une rupture pour le PIB par habitant, les salaires réels ou la scolarisation ; rupture modeste pour l'espérance de vie et la scolarité achevée par cohorte ; nuance le rôle causal de la Révolution tranquille dans la convergence.",
31,migue1970,"Migué, Jean-Luc",,1970,"Le nationalisme, l'unité nationale et la théorie économique de l'information","Canadian Journal of Economics, 3(2), 183-198",article,fr,10.2307/133671,,19.0,Consensus/Semantic Scholar 2026-09,0,19.0,30,beland2010; boulet1980; boulet1983; breton1978; carliner1981; coleman1984; cuneo1975; fenwick1982; fortin2011; geloso2025; lacroix1981; laczko1995; lanphier1974; levine1990; marion1972; mcroberts1979; mcroberts1988; ram1980; raynauld1974; sales1985; shapiro1987; shapiro1997; vaillancourt1978; vaillancourt1979; vaillancourt1980; vaillancourt1985; vaillancourt1988; vaillancourt1989; vaillancourt1996; vaillancourt2018,1,2,backward,"bibliographies vaillancourt1980, vaillancourt1996, lacroix1981 ; Consensus",inclus,2,2,1,1,6,0.5049913108602855,0.34523809523809523,0.375,0.413,"(Migué, 1970)","Le nationalisme, l'unité nationale et la théorie économ... (Migué, 1970)",Explication : sous-représentation des Canadiens français aux échelons supérieurs des entreprises expliquée par la théorie de l'information (réseaux d'information établis hors de la communauté francophone) ; marché du travail scindé en deux sous-groupes ; dispersion plus grande des salaires francophones.,26.0
32,serre2023,"Serré, Pierre",,2023,Les Anglo-Québécois sont-ils plus pauvres ? Non !,Mémoire présenté au Comité permanent des langues officielles de la Chambre des communes,report,fr,,https://www.ourcommons.ca/Content/Committee/441/LANG/Brief/BR12960576/br-external/SerrePierre-f.pdf,,non indexé dans Consensus (littérature grise),1,15.0,1,donovan2024,1,3,forward,WebSearch,contexte,2,2,1,1,6,0.46737594867222937,0.9761904761904762,0.0125,0.413,"(Serré, 2023)","Les Anglo-Québécois sont-ils plus pauvres ? Non ! (Serré, 2023)","Réplique au discours de PERT sur l'appauvrissement des anglophones (recensement 2021) : effets de composition (immigration récente, âge, région) ; illustre le débat public sur l'inversion de l'écart.",
33,vaillancourt2019,"Vaillancourt, François",,2019,Assessing Bill 101 after 40 years,"Language Problems and Language Planning, 43(2) (introduction du numéro spécial)",article,en,10.1075/lplp.00037.vai,,,,1,15.0,3,bourhis2019; grenier2019; vaillancourt2020,1,1,forward,WebSearch,contexte,2,1,1,1,5,0.46737594867222937,0.9285714285714286,0.0375,0.411,"(Vaillancourt, 2019)","Assessing Bill 101 after 40 years (Vaillancourt, 2019)","Introduction du numéro spécial sur 40 ans de Loi 101 (Grenier 2019, Bourhis 2019, Castonguay 2019) ; cadre d'évaluation des effets économiques et démographiques.",
34,floch2012,"Floch, William; Pocock, Joanne",,2012,The socio-economic status of English-speaking Quebec: Those who left and those who stayed,"In R. Y. Bourhis (dir.), Decline and Prospects of the English-Speaking Communities of Quebec, Ottawa : Patrimoine canadien, 127-173",chapter,en,,,,non indexé dans Consensus,1,15.0,7,bourhis2012; bourhis2017; bourhis2019; donovan2024; pert2023; serre2023; vaillancourt2018,1,2,backward,"bibliographies bourhis2019, bourhis2017, donovan2024 (WebSearch)",inclus,2,2,1,1,6,0.46737594867222937,0.8452380952380952,0.0875,0.41,"(Floch et Pocock, 2012)","The socio-economic status of English-speaking Quebec: T... (Floch et Pocock, 2012)",Recensements 1971-2006 : statut socioéconomique des anglophones du Québec ; effet de sélection de l'émigration (les partants plus scolarisés/mieux rémunérés) ; les anglophones restés au Québec ont un revenu et une scolarité inférieurs aux francophones à partir des années 2000.,27.0
35,bourhis2012,"Bourhis, Richard Y. (dir.)",,2012,Decline and Prospects of the English-Speaking Communities of Quebec,"Ottawa : Patrimoine canadien / CIRLM, coll. Nouvelles perspectives canadiennes",book,en,,,,non indexé dans Consensus,1,15.0,7,bourhis2017; bourhis2019; donovan2024; floch2012; pert2023; serre2023; vaillancourt2018,1,2,backward,"bibliographies bourhis2019, bourhis2017",contexte,2,1,1,1,5,0.46737594867222937,0.8452380952380952,0.0875,0.41,"(Bourhis, 2012)","Decline and Prospects of the English-Speaking Communiti... (Bourhis, 2012)","Ouvrage collectif sur la vitalité des communautés anglophones du Québec (démographie, éducation, santé, statut socioéconomique — chap. Floch & Pocock).",
36,vaillancourt2017,"Vaillancourt, François; Fontaine, Marc-Antoine",,2017,Les attributs linguistiques et le revenu de travail au Québec : cadre d'analyse et résultats pour 2010 et comparaison 1970-2010,"Dans M. Joanis et C. Montmarquette (dir.), Le Québec économique 6 : le défi des ressources minières, CIRANO / PUL (chapitre)",chapter,fr,,,,non indexé dans Consensus,1,15.0,4,oqlf2022; vaillancourt2018; vaillancourt2020; vaillancourt2024,1,2,backward,"bibliographies vaillancourt2020, vaillancourt2024 (WebSearch)",inclus,2,2,1,1,6,0.46737594867222937,0.9047619047619048,0.05,0.41,"(Vaillancourt et Fontaine, 2017)","Les attributs linguistiques et le revenu de travail au... (Vaillancourt et Fontaine, 2017)",Enquête nationale auprès des ménages 2011 (revenus 2010) : effets nets des attributs linguistiques comparés à 1970-2005 ; cadre de Vaillancourt (1980) ajoutant la langue comme troisième forme de capital humain à l'équation de Mincer.,28.0
37,marion1972,"Marion, Gérald; Raynauld, André",,1972,Une analyse économique de la disparité inter-ethnique des revenus,"Revue économique, 23(1), 1-19",article,fr,10.3406/reco.1972.408007,,35.0,Consensus/Semantic Scholar 2026-09,0,35.0,21,beland2010; boulet1980; breton1978; carliner1981; coleman1984; fenwick1982; lacroix1981; laczko1995; lanphier1974; levine1990; mcroberts1988; ram1980; raynauld1974; raynauld1975; sales1985; shapiro1981; vaillancourt1978; vaillancourt1979; vaillancourt1980; vaillancourt1985; vaillancourt1996,1,1,backward,Consensus,inclus,2,2,1,1,6,0.6040746505283444,0.36904761904761907,0.2625,0.409,"(Marion et Raynauld, 1972)","Une analyse économique de la disparité inter-ethnique d... (Marion et Raynauld, 1972)",Applique la théorie du commerce international (tarif optimal) aux disparités de revenu entre groupes anglophone (capital abondant) et francophone (travail abondant) au Québec ; limitation des échanges entre 'secteurs' ethniques comme explication de l'inégalité.,29.0
38,vaillancourt2001,"Vaillancourt, François; Touchette, Christine",,2001,"Le statut du français sur le marché du travail au Québec, de 1970 à 1995 : les revenus de travail","Montréal : CIRANO, Rapport de projet 2001RP-04 (pour le Conseil de la langue française)",report,fr,,,,non indexé dans Consensus,1,15.0,13,albouy2008; beland2010; christofides2006; christofides2010; floch2012; grenier2019; vaillancourt2005; vaillancourt2007; vaillancourt2013; vaillancourt2017; vaillancourt2018; vaillancourt2020; vaillancourt2024,1,2,backward,"bibliographies vaillancourt2007, vaillancourt2013 (connaissance du texte)",inclus,2,2,1,1,6,0.46737594867222937,0.7142857142857143,0.1625,0.407,"(Vaillancourt et Touchette, 2001)","Le statut du français sur le marché du travail au Québe... (Vaillancourt et Touchette, 2001)",Recensement 1996 (revenus 1995) : effets nets des attributs linguistiques comparés à 1970-1990 ; disparition de l'avantage des anglophones unilingues chez les hommes.,30.0
39,grenier2016,"Grenier, Gilles; Nadeau, Serge",,2016,English as the lingua franca and the economic value of other languages: The case of the language of work in the Montreal labor market,"In M. Gazzola et B.-A. Wickström (dir.), The Economics of Language Policy, Cambridge (MA) : MIT Press, 267-312",chapter,en,,,,non indexé dans Consensus,1,15.0,4,bousmah2021; grenier2019; oqlf2022; vaillancourt2018,1,2,forward,"bibliographies grenier2019, bousmah2021 (connaissance du texte)",inclus,2,2,1,1,6,0.46737594867222937,0.8928571428571429,0.05,0.407,"(Grenier et Nadeau, 2016)","English as the lingua franca and the economic value of... (Grenier et Nadeau, 2016)",Recensements 2001-2006 : valeur de l'usage de l'anglais et du français au travail à Montréal par groupe linguistique ; l'anglais comme lingua franca conserve une valeur marchande supérieure malgré la francisation.,31.0
40,shapiro1981,"Shapiro, Daniel M.; Stelcner, Morton",,1981,"Male-female earnings differentials and the role of language in Canada, Ontario, and Quebec, 1970","Canadian Journal of Economics, 14(2), 341-348",article,en,10.2307/134804,,42.0,Consensus/Semantic Scholar 2026-09,0,42.0,13,bloom1992; boulet1983; chiswick1988; grenier1984; grenier1987; lacroix1981; levine1990; shapiro1982; shapiro1987; shapiro1997; vaillancourt1985; vaillancourt1988; vaillancourt1996,1,1,backward,Consensus,inclus,2,2,1,1,6,0.6340264093688938,0.47619047619047616,0.1625,0.406,"(Shapiro et Stelcner, 1981)","Male-female earnings differentials and the role of lang... (Shapiro et Stelcner, 1981)",Décomposition des écarts hommes-femmes 1970 avec variables linguistiques (définition large) au Québec ; montre l'interaction sexe/langue.,32.0
41,bousmah2021,"Bousmah, Ibrahim; Grenier, Gilles; Gray, David M.",,2021,"Linguistic distance, languages of work and wages of immigrants in Montreal","Journal of Labor Research, 42(1), 1-28",article,en,10.1007/s12122-020-09316-1,,13.0,Consensus/Semantic Scholar 2026-09,0,13.0,2,grenier2019; oqlf2022,1,2,forward,"Consensus ; IDEAS (cite albouy2008, shapiro1997)",contexte,1,2,1,1,5,0.44486652965713863,0.9523809523809523,0.025,0.404,"(Bousmah et al., 2021)","Linguistic distance, languages of work and wages of imm... (Bousmah et al., 2021)","Recensements 2001-2006, ENM 2011 : l'usage du français et de l'anglais au travail est rémunéré positivement à Montréal, mais l'anglais davantage ; immigrants.",
42,helmeshayes1998,"Helmes-Hayes, Rick; Curtis, James (dir.)",,1998,The Vertical Mosaic Revisited,Toronto : University of Toronto Press,book,en,10.3138/9781442683051,,42.0,Consensus/Semantic Scholar 2026-09,0,42.0,1,wanner2005,1,3,forward,citant porter1965 (Consensus),contexte,1,2,1,1,5,0.6340264093688938,0.6785714285714286,0.0125,0.397,"(Helmes-Hayes et Curtis, 1998)","The Vertical Mosaic Revisited (Helmes-Hayes et Curtis, 1998)","Bilan trente ans après Porter : chapitres de Clement (pouvoir, ethnicité, classe), Breton (ethnicité et race), Ornstein (élites) ; situe l'évolution de la place des Canadiens français.",
43,dean2022,"Dean, Joshua; Geloso, Vincent",,2022,"The linguistic wage gap in Quebec, 1901 to 1951",Cliometrica,article,en,10.1007/s11698-021-00236-3,,9.0,Consensus/Semantic Scholar 2026-09,0,9.0,4,donovan2024; gagnon2023; geloso2025; vaillancourt2024,1,0,seed,Consensus,inclus,2,2,0,1,5,0.38814732369222815,0.9642857142857143,0.05,0.397,"(Dean et Geloso, 2022)","The linguistic wage gap in Quebec, 1901 to 1951 (Dean et Geloso, 2022)",Recensements 1901-1921 (et 1951) : l'écart se réduit modestement au début du XXe siècle puis stagne jusqu'en 1970 ; l'essentiel de la convergence est postérieur à 1970. Situe le point de départ de 1961.,33.0
44,bourhis2017,"Bourhis, Richard Y.; Sioufi, Rana",,2017,Assessing forty years of language planning on the vitality of the francophone and anglophone communities of Quebec,"Multilingua, 36(5), 627-661",article,en,10.1515/multi-2017-3048,,,,1,15.0,1,bourhis2019,1,1,forward,WebSearch,inclus,2,1,1,1,5,0.46737594867222937,0.9047619047619048,0.0125,0.395,"(Bourhis et Sioufi, 2017)","Assessing forty years of language planning on the vital... (Bourhis et Sioufi, 2017)","Vitalité ethnolinguistique (démographie, statut, soutien institutionnel) des deux communautés après 40 ans d'aménagement linguistique ; indicateurs de statut économique (revenu, scolarité) des anglophones restés au Québec.",34.0
45,christofides1998,"Christofides, Louis N.; Swidinsky, Robert",,1998,Bilingualism and earnings: A study based on 1971 and 1981 census data,"In A. Breton (dir.), Economic Approaches to Language and Bilingualism, Ottawa : Patrimoine canadien, coll. Nouvelles perspectives canadiennes, 121-183",chapter,en,,,,non indexé dans Consensus,1,15.0,12,albouy2008; bousmah2021; christofides2006; christofides2010; grenier2016; nadeau2010; nadeau2010b; pendakur2002; vaillancourt2001; vaillancourt2007; vaillancourt2013; vaillancourt2018,1,2,backward,"bibliographies christofides2010, pendakur2002, albouy2008 (connaissance du texte)",inclus,2,2,1,1,6,0.46737594867222937,0.6785714285714286,0.15,0.393,"(Christofides et Swidinsky, 1998)","Bilingualism and earnings: A study based on 1971 and 19... (Christofides et Swidinsky, 1998)",Recensements 1971 et 1981 : rendement du bilinguisme et écarts anglophones/francophones au Québec et hors Québec ; distinction connaissance/usage.,35.0
46,herberg1990,"Herberg, Edward N.",,1990,The ethno-racial socioeconomic hierarchy in Canada: Theory and analysis of the new vertical mosaic,"International Journal of Comparative Sociology, 31(3-4), 206-221",article,en,10.1177/002071529003100305,,31.0,Consensus/Semantic Scholar 2026-09,0,31.0,8,helmeshayes1998; laczko1995; lautard1990; lian1998; nakhaie1994; nakhaie1997; ogmundson1992; wanner2005,1,3,forward,citant porter1965 (Consensus),contexte,1,2,1,1,5,0.5842199358402868,0.5833333333333334,0.1,0.39,"(Herberg, 1990)","The ethno-racial socioeconomic hierarchy in Canada: The... (Herberg, 1990)",Recensements 1921-1986 : hiérarchie socioéconomique ethno-raciale ; la mosaïque verticale existe encore mais presque inversée par rapport à Porter (les groupes d'origine française et britannique ne dominent plus).,
47,shapiro1987,"Shapiro, Daniel M.; Stelcner, Morton",,1987,"Earnings disparities among linguistic groups in Quebec, 1970-1980","Canadian Public Policy / Analyse de politiques, 13(1), 97-104",article,en,10.2307/3550913,,,,1,15.0,18,albouy2008; beland2010; bloom1992; chiswick1988; christofides1998; christofides2010; grenier1987; laczko1995; levine1990; mcroberts1988; nadeau2010; nakhaie1994; shapiro1997; vaillancourt1988; vaillancourt1991; vaillancourt1996; vaillancourt2001; vaillancourt2013,1,1,backward,bibliographie christofides2010 (IDEAS) ; connaissance du texte,inclus,2,2,1,1,6,0.46737594867222937,0.5476190476190477,0.225,0.39,"(Shapiro et Stelcner, 1987)","Earnings disparities among linguistic groups in Quebec,... (Shapiro et Stelcner, 1987)",Comparaison 1970-1980 : réduction marquée des disparités de revenu entre anglophones et francophones au cours de la décennie 1970.,36.0
48,vaillancourt2005,"Vaillancourt, François; Vaillancourt, Luc",,2005,La propriété des employeurs au Québec en 2003 selon le groupe d'appartenance linguistique,Québec : Conseil supérieur de la langue française,report,fr,,,,non indexé dans Consensus,1,15.0,7,fortin2011; grenier2019; vaillancourt2007; vaillancourt2013; vaillancourt2018; vaillancourt2019; vaillancourt2024b,1,2,backward,"bibliographies vaillancourt2007, vaillancourt2024b (connaissance du texte)",inclus,2,2,1,1,6,0.46737594867222937,0.7619047619047619,0.0875,0.389,"(Vaillancourt et Vaillancourt, 2005)","La propriété des employeurs au Québec en 2003 selon le... (Vaillancourt et Vaillancourt, 2005)","Contrôle de l'économie : part de l'emploi sous contrôle francophone de 47 % (1961) à 55 % (1978), 62 % (1991) et 67 % (2003).",37.0
49,fortin2011,"Fortin, Pierre",,2011,"La Révolution tranquille et l'économie : où étions-nous, que visions-nous, qu'avons-nous accompli ?","Dans G. Berthiaume et C. Corbo (dir.), La Révolution tranquille en héritage, Montréal : Boréal, 87-115",chapter,fr,,,,non indexé dans Consensus,1,15.0,3,dean2022; gagnon2023; geloso2025,1,2,backward,"bibliographies gagnon2023, dean2022 (connaissance du texte)",inclus,2,2,1,1,6,0.46737594867222937,0.8333333333333334,0.0375,0.387,"(Fortin, 2011)","La Révolution tranquille et l'économie : où étions-nous... (Fortin, 2011)",Bilan économique de la Révolution tranquille : rattrapage du revenu par habitant du Québec sur l'Ontario et disparition de l'écart de revenu francophones/anglophones ; rôle de la scolarisation et des politiques.,38.0
50,dofny1962,"Dofny, Jacques; Rioux, Marcel",,1962,Les classes sociales au Canada français,"Revue française de sociologie, 3(3), 290-300",article,fr,10.2307/3319613,,,,1,15.0,32,beattie1971; beattie1972; beland1987; beland2010; boyd1985; coleman1984; cuneo1975; darroch1979; dofny1969; fenwick1982; fortin2011; geloso2025; guindon1964; helmeshayes1998; herberg1990; laczko1995; lanphier1974; lautard1990; levine1990; lieberson1970; mcroberts1976; mcroberts1979; mcroberts1988; migue1970; nakhaie1994; nakhaie1997; pettinicchio2012; raynauld1966; rcbb1969; sales1985; vaillancourt1980; wanner1999,1,2,backward,"bibliographies fenwick1982, mcroberts1976, beattie1972 (connaissance du texte)",inclus,2,2,1,1,6,0.46737594867222937,0.25,0.4,0.386,"(Dofny et Rioux, 1962)","Les classes sociales au Canada français (Dofny et Rioux, 1962)",Explication : concept de 'classe ethnique' — les Canadiens français forment une quasi-classe subordonnée dans la structure économique dominée par les anglophones ; conscience ethnique et conscience de classe.,39.0
51,dejocas1957,"de Jocas, Yves; Rocher, Guy",,1957,Inter-generation occupational mobility in the Province of Quebec,"Canadian Journal of Economics and Political Science, 23(1), 57-68",article,en,10.2307/138485,,23.0,Consensus/Semantic Scholar 2026-09,0,23.0,30,beattie1971; beattie1972; beland1982; beland1987; blishen1967; blishen1970; boyd1985; cuneo1975; darroch1979; dofny1962; dofny1969; fenwick1982; guindon1964; helmeshayes1998; herberg1990; laczko1995; lanphier1974; lautard1990; lieberson1970; mcroberts1976; mcroberts1988; porter1965; ram1980; raynauld1966; rcbb1969; sales1985; taylor1961; vaillancourt1980; wanner1999; wanner2005,1,2,backward,"cité par ram1980, mcroberts1976, beland1987 ; Consensus",inclus,2,2,0,1,5,0.5357252996002869,0.19047619047619047,0.375,0.385,"(de Jocas et Rocher, 1957)","Inter-generation occupational mobility in the Province... (de Jocas et Rocher, 1957)","Statut socioprofessionnel : première étude de mobilité intergénérationnelle au Québec (registres de mariage, 1954) comparant Canadiens français et anglophones ; mobilité plus faible et concentration des francophones dans les métiers manuels.",40.0
52,nadeau2010b,"Nadeau, Serge; Seckin, Aylin",,2010,The immigrant wage gap in Canada: Quebec and the rest of Canada,"Canadian Public Policy / Analyse de politiques, 36(3), 265-285",article,en,10.3138/cpp.36.3.265,,,,1,15.0,3,bousmah2021; grenier2016; nadeau2010,1,2,forward,IDEAS (WebSearch) ; connaissance du texte,contexte,1,2,1,1,5,0.46737594867222937,0.8214285714285714,0.0375,0.384,"(Nadeau et Seckin, 2010)","The immigrant wage gap in Canada: Quebec and the rest o... (Nadeau et Seckin, 2010)",Écart salarial des immigrants au Québec vs reste du Canada (1970-2000) ; complément de nadeau2010 sur la structure linguistique du marché du travail québécois.,
53,mcroberts1976,"McRoberts, Hugh A.; Porter, John; Boyd, Monica; Goyder, John; Jones, Frank E.; Pineo, Peter C.",,1976,Différences dans la mobilité professionnelle des francophones et des anglophones,"Sociologie et sociétés, 8(2), 61-79",article,fr,10.7202/001491ar,,15.0,Consensus/Semantic Scholar 2026-09,0,15.0,23,beland1982; beland1987; beland2010; blishen1987; boyd1985; coleman1984; darroch1979; fenwick1982; helmeshayes1998; herberg1990; laczko1995; lautard1990; lian1998; mcroberts1979; mcroberts1988; nakhaie1994; nakhaie1997; ogmundson1992; ram1980; sales1985; vaillancourt1980; wanner1999; wanner2005,1,1,backward,Consensus ; connaissance du texte (Canadian Mobility Study 1973),inclus,2,2,1,1,6,0.46737594867222937,0.4166666666666667,0.2875,0.383,"(McRoberts et al., 1976)","Différences dans la mobilité professionnelle des franco... (McRoberts et al., 1976)",Statut socioprofessionnel : Canadian Mobility Study (1973) ; les différences de mobilité entre francophones du Québec et anglophones du Canada subsistent mais sont beaucoup plus faibles dans les cohortes récentes ; le modèle traditionnel de stratification linguistique est peut-être en train de disparaître.,41.0
54,pettinicchio2012,"Pettinicchio, David",,2012,Migration and ethnic nationalism: Anglophone exit and the 'decolonisation' of Québec,"Nations and Nationalism, 18(4), 719-743",article,en,10.1111/j.1469-8129.2011.00513.x,,14.0,Consensus/Semantic Scholar 2026-09,0,14.0,2,bourhis2017; bourhis2019,1,1,forward,Consensus,inclus,2,2,1,1,6,0.45649667462028565,0.8452380952380952,0.025,0.381,"(Pettinicchio, 2012)","Migration and ethnic nationalism: Anglophone exit and t... (Pettinicchio, 2012)","Le nationalisme ethnique des années 1960 démantèle la division culturelle du travail ; les politiques réduisent le rendement économique des anglophones scolarisés et augmentent celui des francophones, ce qui explique l'émigration anglophone (modèle de colonie interne, exit/voice).",42.0
55,sales1985,"Sales, Arnaud; Bélanger, Noël",,1985,Décideurs et gestionnaires : étude sur la direction et l'encadrement des secteurs privé et public,"Québec : Conseil de la langue française, coll. Dossiers no 20",report,fr,,,,non indexé dans Consensus,1,15.0,17,helmeshayes1998; laczko1995; levine1990; mcroberts1988; nakhaie1997; ogmundson1992; shapiro1997; vaillancourt1985; vaillancourt1988; vaillancourt1989; vaillancourt1991; vaillancourt1996; vaillancourt2001; vaillancourt2005; vaillancourt2007; vaillancourt2018; vaillancourt2024b,1,2,backward,"bibliographies vaillancourt1996, levine1990 (connaissance du texte)",inclus,2,2,1,1,6,0.46737594867222937,0.5238095238095238,0.2125,0.38,"(Sales et Bélanger, 1985)","Décideurs et gestionnaires : étude sur la direction et... (Sales et Bélanger, 1985)",Statut socioprofessionnel : présence des francophones et des anglophones dans les postes de direction et d'encadrement (secteurs privé et public) au Québec au début des années 1980 ; comparaison avec 1961-1971.,43.0
56,bloom1992,"Bloom, David E.; Grenier, Gilles",,1992,"Economic perspectives on language: The relative value of bilingualism in Canada and the United States (NBER WP 3660, 1991 : The earnings of linguistic minorities: French in Canada and Spanish in the United States)","In B. R. Chiswick (dir.), Immigration, Language and Ethnicity: Canada and the United States, AEI Press ; NBER Working Paper 3660",chapter,en,10.3386/w3660,,5.0,Consensus/Semantic Scholar 2026-09 (version NBER),0,5.0,24,albouy2008; beland2010; bousmah2021; christofides1998; christofides2006; christofides2010; dean2022; gagnon2023; geloso2025; grenier2016; grenier2019; laczko1995; nadeau2010; nadeau2010b; pendakur2002; shapiro1997; vaillancourt1996; vaillancourt2001; vaillancourt2007; vaillancourt2013; vaillancourt2017; vaillancourt2018; vaillancourt2020; vaillancourt2024,1,1,backward,"bibliographies albouy2008, christofides2010 ; Consensus",inclus,2,2,1,1,6,0.3020373252641722,0.6071428571428571,0.3,0.377,"(Bloom et Grenier, 1992)","Economic perspectives on language: The relative value o... (Bloom et Grenier, 1992)","1970-1986 : l'écart français/anglais se réduit surtout au Québec, en raison d'une forte hausse de la demande relative de travailleurs francophones ; en 1986, l'écart restant s'explique par les heures, l'âge, la scolarité, la région.",44.0
57,vaillancourt1991,"Vaillancourt, François",,1991,"Langues et statut économique au Québec, 1980-1985","Québec : Conseil de la langue française, coll. Dossiers no 34",report,fr,,,,non indexé dans Consensus,1,15.0,13,beland2010; christofides1998; laczko1995; nadeau2010; shapiro1997; vaillancourt1996; vaillancourt2001; vaillancourt2007; vaillancourt2013; vaillancourt2017; vaillancourt2018; vaillancourt2020; vaillancourt2024,1,1,backward,bibliographie nadeau2010 (IDEAS),inclus,2,2,1,1,6,0.46737594867222937,0.5952380952380952,0.1625,0.377,"(Vaillancourt, 1991)","Langues et statut économique au Québec, 1980-1985 (Vaillancourt, 1991)",Recensement 1986 (revenus 1985) comparé à 1980 : poursuite de la convergence ; avantage des bilingues.,45.0
58,hughes1943,"Hughes, Everett C.",,1943,French Canada in Transition,"Chicago : University of Chicago Press (trad. fr. Rencontre de deux mondes, 1945)",book,en,,,,non indexé dans Consensus,1,15.0,41,beattie1971; beattie1972; beland2010; blishen1970; boulet1980; breton1978; coleman1984; cuneo1975; darroch1979; dean2022; dejocas1957; dofny1962; dofny1969; fenwick1982; fortin2011; geloso2025; guindon1964; helmeshayes1998; herberg1990; laczko1995; lanphier1974; lautard1990; levine1990; lieberson1970; marion1972; mcroberts1979; mcroberts1988; migue1970; nakhaie1994; nakhaie1997; pettinicchio2012; porter1965; raynauld1966; raynauld1974; rcbb1969; sales1985; taylor1961; vaillancourt1978; vaillancourt1980; vaillancourt1989; vaillancourt1996,1,2,backward,"bibliographies lieberson1970, rcbb1969, levine1990, fenwick1982 (connaissance du texte)",contexte,2,2,0,1,5,0.46737594867222937,0.023809523809523808,0.5125,0.375,"(Hughes, 1943)","French Canada in Transition (Hughes, 1943)","Étude classique de 'Cantonville' (Drummondville) : division ethnique du travail dans l'industrialisation du Québec ; anglophones aux postes de direction, francophones ouvriers ; point de départ de la sociologie de la stratification linguistique.",
59,mcroberts1979,"McRoberts, Kenneth",,1979,Internal colonialism: The case of Quebec,"Ethnic and Racial Studies, 2(3), 293-318",article,en,10.1080/01419870.1979.9993270,,46.0,Consensus/Semantic Scholar 2026-09,0,46.0,7,coleman1984; fenwick1982; laczko1995; levine1990; mcroberts1988; pettinicchio2012; sales1985,1,1,backward,Consensus ; cité par pettinicchio2012,inclus,2,1,1,1,5,0.6490203085092562,0.4523809523809524,0.0875,0.375,"(McRoberts, 1979)","Internal colonialism: The case of Quebec (McRoberts, 1979)",Explication : applique (et critique) le modèle de la colonie interne (division culturelle du travail) au Québec ; inégalités de revenu et de statut entre francophones et anglophones comme fondement du nationalisme.,46.0
60,wanner1999,"Wanner, Richard A.",,1999,"Expansion and ascription: Trends in educational opportunity in Canada, 1920-1994","Canadian Review of Sociology and Anthropology, 36(3), 409-442",article,en,10.1111/j.1755-618x.1999.tb00582.x,,27.0,Consensus/Semantic Scholar 2026-09,0,27.0,1,wanner2005,1,3,forward,citant porter1965/boyd1985 (Consensus),inclus,2,1,1,1,5,0.561710516825196,0.6904761904761905,0.0125,0.374,"(Wanner, 1999)","Expansion and ascription: Trends in educational opportu... (Wanner, 1999)","Canadian Mobility Study 1973 et ESG 1986/1994 : les effets de la première langue parlée sur la scolarité, très prononcés dans les cohortes anciennes, deviennent négligeables dans les cohortes récentes, au Québec comme ailleurs ; canal éducatif de la convergence.",47.0
61,ogmundson1992,"Ogmundson, Rick; McLaughlin, J.",,1992,Trends in the ethnic origins of Canadian elites: The decline of the BRITS?,"Canadian Review of Sociology and Anthropology, 29(2), 227-242",article,en,10.1111/j.1755-618x.1992.tb02437.x,,24.0,Consensus/Semantic Scholar 2026-09,0,24.0,6,helmeshayes1998; laczko1995; lian1998; nakhaie1994; nakhaie1997; wanner2005,1,3,forward,citant porter1965 (Consensus),inclus,2,2,1,1,6,0.5426066730483415,0.6071428571428571,0.075,0.372,"(Ogmundson et McLaughlin, 1992)","Trends in the ethnic origins of Canadian elites: The de... (Ogmundson et McLaughlin, 1992)",Réexamen des données de Porter sur les élites : la stratification ethnique est plus faible que prévu et en déclin ; nouvelles données sur l'origine ethnique (dont française) des élites canadiennes.,48.0
62,grenier2019,"Grenier, Gilles",,2019,Quebec's language policy and economic globalization,"Language Problems and Language Planning, 43(2)",article,en,10.1075/lplp.00041.gre,,5.0,Consensus/Semantic Scholar 2026-09,0,5.0,6,bourhis2019; bousmah2021; donovan2024; vaillancourt2019; vaillancourt2020; vaillancourt2024,1,0,seed,Consensus,inclus,2,2,1,1,6,0.3020373252641722,0.9285714285714286,0.075,0.368,"(Grenier, 2019)","Quebec's language policy and economic globalization (Grenier, 2019)","Situation économique des groupes linguistiques depuis 1970 vue comme un marché (offre/demande) ; la position relative des francophones s'est améliorée (pouvoir d'achat, contrôle de l'économie) ; l'anglais au travail paie plus pour les immigrants.",49.0
63,cuneo1975,"Cuneo, Carl J.; Curtis, James E.",,1975,Social ascription in the educational and occupational status attainment of urban Canadians,"Canadian Review of Sociology and Anthropology, 12(1), 6-24",article,en,10.1111/j.1755-618x.1975.tb00023.x,,15.0,Consensus/Semantic Scholar 2026-09,0,15.0,20,beland1982; beland1987; blishen1987; boyd1985; darroch1979; fenwick1982; helmeshayes1998; herberg1990; laczko1995; lautard1990; lian1998; mcroberts1976; nakhaie1994; nakhaie1997; ogmundson1992; ram1980; sales1985; vaillancourt1980; wanner1999; wanner2005,1,3,forward,citant blishen1958/porter1965 (Consensus),inclus,2,2,1,1,6,0.46737594867222937,0.40476190476190477,0.25,0.365,"(Cuneo et Curtis, 1975)","Social ascription in the educational and occupational s... (Cuneo et Curtis, 1975)",Modèle Blau-Duncan appliqué à quatre sous-échantillons urbains (hommes/femmes francophones et anglophones) : forte ascription ; la scolarité pèse davantage sur la profession chez les francophones que chez les anglophones.,50.0
64,boulet1983,"Boulet, Jac-André; Lavallée, Laval",,1983,L'évolution des disparités linguistiques de revenus de travail au Canada de 1970 à 1980,"Ottawa : Conseil économique du Canada, Document no 245",report,fr,,,,,1,15.0,15,beland2010; bloom1992; chiswick1988; christofides1998; grenier1984; grenier1987; laczko1995; levine1990; shapiro1987; shapiro1997; vaillancourt1985; vaillancourt1988; vaillancourt1991; vaillancourt1996; vaillancourt2001,1,1,backward,"connaissance du texte (bibliographies shapiro1987, vaillancourt1996)",inclus,2,2,1,1,6,0.46737594867222937,0.5,0.1875,0.364,"(Boulet et Lavallée, 1983)","L'évolution des disparités linguistiques de revenus de... (Boulet et Lavallée, 1983)",1970-1980 : réduction des disparités de revenu de travail entre groupes linguistiques au Canada et au Québec ; les francophones bilingues rattrapent les anglophones.,51.0
65,laczko1995,"Laczko, Leslie S.",,1995,Pluralism and Inequality in Quebec,Toronto : University of Toronto Press,book,en,,,,non indexé dans Consensus (compte rendu CJPS 1997),1,15.0,8,bourhis2012; bourhis2017; floch2012; helmeshayes1998; nakhaie1997; pettinicchio2012; wanner1999; wanner2005,1,2,backward,WebSearch ; connaissance du texte,inclus,2,2,1,1,6,0.46737594867222937,0.6428571428571429,0.1,0.364,"(Laczko, 1995)","Pluralism and Inequality in Quebec (Laczko, 1995)","Sociologie : inégalités ethnolinguistiques au Québec (revenu, profession, scolarité) des années 1960 aux années 1990 ; rapprochement francophones/anglophones et nouvelles minorités ; explications par la pluralité et la 'privation relative'.",52.0
66,breton1978,"Breton, Albert",,1978,Le bilinguisme : une approche économique / Bilingualism: An Economic Approach,Montréal : Institut C.D. Howe,book,fr/en,,,,non indexé dans Consensus,1,15.0,18,bloom1992; boulet1980; boulet1983; carliner1981; chiswick1988; christofides1998; coleman1984; grenier1987; lacroix1981; laczko1995; pendakur2002; shapiro1997; vaillancourt1979; vaillancourt1980; vaillancourt1985; vaillancourt1988; vaillancourt1996; vaillancourt2018,1,2,backward,"bibliographies vaillancourt1980, vaillancourt1996, lacroix1981 (connaissance du texte)",contexte,1,2,0,1,4,0.46737594867222937,0.44047619047619047,0.225,0.364,"(Breton, 1978)","Le bilinguisme : une approche économique / Bilingualism... (Breton, 1978)",Cadre théorique de l'économie de la langue (la langue comme capital humain et bien collectif) mobilisé pour interpréter les écarts de revenu par groupe linguistique au Canada.,
67,mcroberts1988,"McRoberts, Kenneth",,1988,Quebec: Social Change and Political Crisis (3e éd.),Toronto : McClelland & Stewart,book,en,,,,non indexé dans Consensus,1,15.0,12,dean2022; floch2012; fortin2011; gagnon2023; geloso2025; helmeshayes1998; laczko1995; levine1990; nakhaie1997; ogmundson1992; pettinicchio2012; wanner1999,1,2,backward,"bibliographies levine1990, pettinicchio2012, gagnon2023 (connaissance du texte)",contexte,2,1,1,1,5,0.46737594867222937,0.5595238095238095,0.15,0.363,"(McRoberts, 1988)","Quebec: Social Change and Political Crisis (3e éd.) (McRoberts, 1988)","Synthèse de la sociologie politique du Québec ; chapitres sur la division ethnique du travail, la 'nouvelle classe moyenne' et les politiques économiques de la Révolution tranquille.",
68,vaillancourt1985,"Vaillancourt, François (dir.)",,1985,Économie et langue,"Québec : Conseil de la langue française, coll. Documentation no 20",book,fr,,,,non indexé dans Consensus,1,15.0,13,bloom1992; grenier1987; laczko1995; levine1990; mcroberts1988; shapiro1987; shapiro1997; vaillancourt1988; vaillancourt1989; vaillancourt1991; vaillancourt1996; vaillancourt2001; vaillancourt2018,1,2,backward,"bibliographies vaillancourt1988, vaillancourt1996 (connaissance du texte)",contexte,2,2,1,1,6,0.46737594867222937,0.5238095238095238,0.1625,0.36,"(Vaillancourt, 1985)","Économie et langue (Vaillancourt, 1985)","Recueil de textes d'économie de la langue (Breton, Grenier, Vaillancourt, Lacroix) appliqués au Québec ; revenus et langue 1970-1980.",
69,gagnon2023,"Gagnon, Julien; Geloso, Vincent; Isabelle, Maripier",,2023,"The incubated revolution: Education, cohort effects, and the linguistic wage gap in Quebec during the 20th century",Journal of Economic Behavior & Organization,article,en,10.1016/j.jebo.2022.12.017,,4.0,Consensus/Semantic Scholar 2026-09,0,4.0,4,dean2022; donovan2024; geloso2025; vaillancourt2024,1,0,seed,Consensus,inclus,2,2,1,1,6,0.27130333652417077,0.9761904761904762,0.05,0.359,"(Gagnon et al., 2023)","The incubated revolution: Education, cohort effects, an... (Gagnon et al., 2023)","Cohortes de naissance 1910-1970 : la fermeture de l'écart salarial 1970-2000 passe par le remplacement des générations ; modèle à deux secteurs (barrières linguistiques, mobilité du capital) ; choc = scolarité obligatoire (1943).",53.0
70,vaillancourt1989,"Vaillancourt, François; Carpentier, Josée",,1989,Le contrôle de l'économie du Québec : la place des francophones en 1987 et son évolution depuis 1961,Québec : Office de la langue française / Les Publications du Québec,report,fr,,,,non indexé dans Consensus,1,15.0,10,laczko1995; levine1990; shapiro1997; vaillancourt1991; vaillancourt1996; vaillancourt2001; vaillancourt2005; vaillancourt2007; vaillancourt2018; vaillancourt2024b,1,2,backward,"bibliographies vaillancourt1996, levine1990, vaillancourt2005 (connaissance du texte)",inclus,2,2,1,1,6,0.46737594867222937,0.5714285714285714,0.125,0.356,"(Vaillancourt et Carpentier, 1989)","Le contrôle de l'économie du Québec : la place des fran... (Vaillancourt et Carpentier, 1989)",Contrôle de l'économie : mise à jour de Raynauld (1974) pour 1978 et 1987 ; progression de la part francophone de l'emploi sous contrôle francophone.,54.0
71,beattie1971,"Beattie, Christopher; Spencer, Byron G.",,1971,"Career attainment in Canadian bureaucracies: Unscrambling the effects of age, seniority, education, and ethnolinguistic factors on salary","American Journal of Sociology, 77(3), 472-490",article,en,10.1086/225159,,20.0,Consensus/Semantic Scholar 2026-09,0,20.0,17,beattie1972; boulet1980; boyd1985; cuneo1975; darroch1979; fenwick1982; herberg1990; laczko1995; lanphier1974; lautard1990; mcroberts1976; nakhaie1997; ram1980; sales1985; vaillancourt1978; vaillancourt1980; wanner1999,1,3,backward,cité par ram1980 ; Consensus,inclus,2,2,1,1,6,0.5132158805851962,0.35714285714285715,0.2125,0.354,"(Beattie et Spencer, 1971)","Career attainment in Canadian bureaucracies: Unscrambli... (Beattie et Spencer, 1971)","Fonction publique fédérale (années 1960) : âge, ancienneté et scolarité rapportent moins aux francophones qu'aux anglophones ; la discrimination de carrière est le principal facteur des écarts salariaux.",55.0
72,wanner2005,"Wanner, Richard A.",,2005,Twentieth-century trends in occupational attainment in Canada,"Canadian Journal of Sociology, 30(4), 441-469",article,en,10.1353/cjs.2006.0015,,15.0,Consensus/Semantic Scholar 2026-09,0,15.0,0,,1,3,forward,citant boyd1985/porter1965 (Consensus),inclus,2,2,1,1,6,0.46737594867222937,0.7619047619047619,0.0,0.354,"(Wanner, 2005)","Twentieth-century trends in occupational attainment in... (Wanner, 2005)",CMS 1973 et ESG 1986/1994 : l'effet de la langue sur le statut professionnel décline au cours du XXe siècle pour les hommes et les femmes ; l'effet de la scolarité reste inchangé.,56.0
73,taylor1961,"Taylor, Norman W.",,1961,L'industriel canadien-français et son milieu,"Recherches sociographiques, 2(2), 123-150",article,fr,10.7202/055075ar,,18.0,Consensus/Semantic Scholar 2026-09,0,18.0,24,beattie1971; beattie1972; coleman1984; darroch1979; dofny1962; dofny1969; fenwick1982; fortin2011; geloso2025; guindon1964; laczko1995; lanphier1974; levine1990; lieberson1970; mcroberts1979; mcroberts1988; migue1970; porter1965; raynauld1966; raynauld1974; rcbb1969; sales1985; vaillancourt1980; vaillancourt1989,1,1,backward,Consensus,contexte,2,2,1,1,6,0.49634478787164,0.23809523809523808,0.3,0.353,"(Taylor, 1961)","L'industriel canadien-français et son milieu (Taylor, 1961)","Explication culturelle de la faible participation des Canadiens français à la direction de l'économie (entrevues avec 52 chefs d'entreprise, 1961).",
74,lautard1990,"Lautard, Hugh; Guppy, Neil",,1990,The vertical mosaic revisited: Occupational differentials among Canadian ethnic groups,"In P. S. Li (dir.), Race and Ethnic Relations in Canada, Toronto : Oxford University Press, 189-208",chapter,en,,,,non indexé dans Consensus,1,15.0,8,helmeshayes1998; herberg1990; laczko1995; lian1998; nakhaie1994; nakhaie1997; ogmundson1992; wanner2005,1,3,forward,"citant porter1965 (connaissance du texte ; cité par lian1998, hou1996)",inclus,1,2,1,1,5,0.46737594867222937,0.5833333333333334,0.1,0.349,"(Lautard et Guppy, 1990)","The vertical mosaic revisited: Occupational differentia... (Lautard et Guppy, 1990)",Indices de dissimilarité professionnelle par groupe ethnique 1931-1986 : la stratification ethnique diminue mais persiste ; position des Français par rapport aux Britanniques.,57.0
75,darroch1979,"Darroch, A. Gordon",,1979,"Another look at ethnicity, stratification and social mobility in Canada","Canadian Journal of Sociology, 4(1), 1-25",article,en,10.2307/3340349,,,"Consensus (fiche incomplète, 0 citation affichée)",1,15.0,14,beland1982; beland1987; blishen1987; boyd1985; helmeshayes1998; herberg1990; laczko1995; lautard1990; lian1998; nakhaie1994; nakhaie1997; ogmundson1992; wanner1999; wanner2005,1,3,forward,citant porter1965 (Consensus),inclus,1,2,1,1,5,0.46737594867222937,0.4523809523809524,0.175,0.347,"(Darroch, 1979)","Another look at ethnicity, stratification and social mo... (Darroch, 1979)",Réexamen des données de Porter (1931-1961) et Forcese (1971) : la dissimilarité professionnelle entre groupes ethniques (dont Français/Britanniques) est modeste et diminue avec le temps ; critique de la thèse de la mosaïque verticale.,58.0
76,coleman1984,"Coleman, William D.",,1984,"The Independence Movement in Quebec, 1945-1980",Toronto : University of Toronto Press,book,en,,,,non indexé dans Consensus (compte rendu APSR 1985),1,15.0,11,fortin2011; geloso2025; helmeshayes1998; laczko1995; levine1990; mcroberts1988; nakhaie1997; ogmundson1992; pettinicchio2012; sales1985; vaillancourt1989,1,2,backward,"Consensus (compte rendu) ; bibliographies levine1990, pettinicchio2012",contexte,2,1,1,1,5,0.46737594867222937,0.5119047619047619,0.1375,0.347,"(Coleman, 1984)","The Independence Movement in Quebec, 1945-1980 (Coleman, 1984)",Politiques économiques du Québec 1960-1980 visant à créer des entreprises contrôlées par la communauté francophone ; succès partiel dans l'accroissement du poids économique des francophones.,
77,raynauld1974,"Raynauld, André",,1974,La propriété des entreprises au Québec : les années 60,Montréal : Presses de l'Université de Montréal,book,fr,,,,non indexé dans Consensus,1,15.0,16,boulet1980; coleman1984; fortin2011; lacroix1981; levine1990; mcroberts1988; sales1985; shapiro1982; vaillancourt1980; vaillancourt1985; vaillancourt1989; vaillancourt1996; vaillancourt2005; vaillancourt2007; vaillancourt2018; vaillancourt2024b,1,1,backward,"cité dans Masters (1977) ; bibliographies vaillancourt1996, vaillancourt2024b",inclus,2,2,1,1,6,0.46737594867222937,0.39285714285714285,0.2,0.342,"(Raynauld, 1974)","La propriété des entreprises au Québec : les années 60 (Raynauld, 1974)","Statut socioprofessionnel/contrôle : mesure de la propriété des entreprises au Québec en 1961 selon le groupe (canadien-français, canadien-anglais, étranger) ; référence de base de la série 1961-2023 sur le contrôle de l'économie.",59.0
78,beattie1972,"Beattie, Christopher; Désy, Jacques; Longstaff, Stephen",,1972,Bureaucratic Careers: Anglophones and Francophones in the Canadian Public Service,Ottawa : Information Canada (étude de la Commission royale d'enquête sur le bilinguisme et le biculturalisme),book,en,,,,non indexé dans Consensus (compte rendu IJCS 1977),1,15.0,17,boyd1985; coleman1984; cuneo1975; darroch1979; fenwick1982; helmeshayes1998; laczko1995; lanphier1974; lautard1990; levine1990; mcroberts1988; nakhaie1997; ogmundson1992; ram1980; rcbb1969; sales1985; vaillancourt1980,1,1,backward,Consensus (compte rendu) ; cité par ram1980 (Beattie & Spencer 1971),contexte,2,2,1,1,6,0.46737594867222937,0.36904761904761907,0.2125,0.341,"(Beattie et al., 1972)","Bureaucratic Careers: Anglophones and Francophones in t... (Beattie et al., 1972)",Statut socioprofessionnel : carrières et salaires des anglophones et francophones dans la fonction publique fédérale (années 1960) ; écarts de progression à scolarité et ancienneté égales.,
79,lanphier1974,"Lanphier, C. Michael; Morris, Raymond N.",,1974,Structural aspects of differences in income between anglophones and francophones,"Canadian Review of Sociology and Anthropology, 11(1), 53-66",article,en,10.1111/j.1755-618x.1974.tb00003.x,,3.0,Consensus/Semantic Scholar 2026-09,0,3.0,31,beland1982; beland1987; beland2010; boulet1980; boyd1985; breton1978; carliner1981; coleman1984; cuneo1975; darroch1979; fenwick1982; helmeshayes1998; herberg1990; lacroix1981; laczko1995; lautard1990; levine1990; mcroberts1976; mcroberts1979; mcroberts1988; nakhaie1994; nakhaie1997; ogmundson1992; ram1980; raynauld1975; sales1985; shapiro1981; vaillancourt1978; vaillancourt1979; vaillancourt1980; wanner1999,1,1,backward,cité par ram1980 ; réponse de Raynauld & Marion (1975),inclus,2,2,1,1,6,0.23368797433611468,0.39285714285714285,0.3875,0.335,"(Lanphier et Morris, 1974)","Structural aspects of differences in income between ang... (Lanphier et Morris, 1974)","Compare les données de Raynauld et al. (1961) à une enquête de 1968 : nivellement des écarts de revenu 1961-1968 au niveau national, mais accentuation chez les travailleurs peu qualifiés ; critique méthodologique et invocation de la discrimination.",60.0
80,fenwick1982,"Fenwick, Rudy",,1982,Ethnic culture and economic structure: Determinants of French-English earnings inequality in Quebec,"Social Forces, 61(1), 1-23",article,en,10.1093/sf/61.1.1,,12.0,Consensus/Semantic Scholar 2026-09,0,12.0,12,boyd1985; coleman1984; helmeshayes1998; herberg1990; laczko1995; lautard1990; levine1990; mcroberts1988; nakhaie1994; nakhaie1997; sales1985; wanner1999,1,1,backward,Consensus,inclus,2,2,1,1,6,0.4323741309426475,0.4880952380952381,0.15,0.333,"(Fenwick, 1982)","Ethnic culture and economic structure: Determinants of... (Fenwick, 1982)",Enquête 1970-71 : oppose l'explication culturelle (capital humain) à l'explication structurelle (marché du travail segmenté/scindé sous contrôle anglophone) ; l'inégalité tient à la plus grande efficacité avec laquelle les anglophones convertissent leurs positions structurelles en gains.,61.0
81,nakhaie1997,"Nakhaie, M. Reza",,1997,Vertical mosaic among the elites: The new imagery revisited,"Canadian Review of Sociology and Anthropology, 34(1), 1-24",article,en,10.1111/j.1755-618x.1997.tb00197.x,,9.0,Consensus/Semantic Scholar 2026-09,0,9.0,3,helmeshayes1998; lian1998; wanner2005,1,3,forward,citant porter1965 (Consensus),inclus,2,2,1,1,6,0.38814732369222815,0.6666666666666666,0.0375,0.318,"(Nakhaie, 1997)","Vertical mosaic among the elites: The new imagery revis... (Nakhaie, 1997)",Élites canadiennes 1935-1987 : domination britannique stable ; les groupes d'origine française et 'autres' ont accru leur représentation dans les élites sans atteindre la proportionnalité.,62.0
82,beland2010,"Béland, Nicolas; Forgues, Éric; Beaudin, Maurice",,2010,"Inégalités salariales et bilinguisme au Québec et au Nouveau-Brunswick, 1970 à 2000",Recherches sociographiques (Érudit),article,fr,10.7202/044694ar,,3.0,Consensus/Semantic Scholar 2026-09,0,3.0,6,geloso2025; vaillancourt2013; vaillancourt2017; vaillancourt2018; vaillancourt2020; vaillancourt2024,1,0,seed,Consensus,inclus,2,2,1,1,6,0.23368797433611468,0.8214285714285714,0.075,0.317,"(Béland et al., 2010)","Inégalités salariales et bilinguisme au Québec et au No... (Béland et al., 2010)","Hommes natifs, 1970-2000 : le lien historique salaire/origine linguistique disparaît graduellement au Québec de 1970 à 1995 ; en 1995, pour la première fois, les bilingues (francophones ou anglophones) sont mieux rémunérés que les unilingues ; reproduit en 2000.",63.0
83,christofides2006,"Christofides, Louis N.; Swidinsky, Robert",,2006,Language in the public service,"Industrial Relations: A Journal of Economy and Society, 45(3)",article,en,10.1111/j.1468-232x.2006.00438.x,,5.0,Consensus/Semantic Scholar 2026-09,0,5.0,3,christofides2010; grenier2016; nadeau2010,1,2,forward,Consensus,contexte,1,2,1,1,5,0.3020373252641722,0.7738095238095238,0.0375,0.314,"(Christofides et Swidinsky, 2006)","Language in the public service (Christofides et Swidinsky, 2006)",Prime au bilinguisme dans le secteur public vs privé au Canada sur trois recensements ; sélection ; pertinent pour la prime francophone du secteur public relevée par Nadeau (2010).,
84,guindon1964,"Guindon, Hubert",,1964,"Social unrest, social class and Quebec's bureaucratic revolution","Queen's Quarterly, 71(2), 150-162",article,en,,,,non indexé dans Consensus,1,15.0,16,beattie1972; coleman1984; dofny1969; fenwick1982; fortin2011; geloso2025; helmeshayes1998; laczko1995; levine1990; mcroberts1979; mcroberts1988; nakhaie1994; pettinicchio2012; sales1985; vaillancourt1980; wanner1999,1,2,backward,"bibliographies levine1990, fenwick1982, pettinicchio2012 (connaissance du texte)",contexte,2,1,1,1,5,0.46737594867222937,0.27380952380952384,0.2,0.312,"(Guindon, 1964)","Social unrest, social class and Quebec's bureaucratic r... (Guindon, 1964)","Explication : la 'nouvelle classe moyenne' francophone issue de la bureaucratisation (État, secteur public) et ses revendications contre le plafonnement dans les entreprises anglophones ; base sociale de la Révolution tranquille.",
85,dofny1969,"Dofny, Jacques; Garon-Audy, Muriel",,1969,Mobilités professionnelles au Québec,"Sociologie et sociétés, 1(2), 277-301",article,fr,10.7202/001648ar,,,,1,15.0,9,beland1982; beland1987; boyd1985; cuneo1975; darroch1979; laczko1995; mcroberts1976; sales1985; wanner2005,1,3,forward,citant dejocas1957 et blishen1958 (connaissance du texte ; réanalysé par beland1987),inclus,2,2,1,1,6,0.46737594867222937,0.3333333333333333,0.1125,0.292,"(Dofny et Garon-Audy, 1969)","Mobilités professionnelles au Québec (Dofny et Garon-Audy, 1969)",Statut socioprofessionnel : réplication de de Jocas & Rocher (1954) avec les registres de mariage de 1964 ; mobilité professionnelle des francophones et des anglophones au Québec ; base de la série 1954-1964-1974.,64.0
86,lacroix1981,"Lacroix, Robert; Vaillancourt, François",,1981,Les revenus et la langue au Québec (1970-1978),"Québec : Conseil de la langue française, coll. Dossiers no 8",report,fr,,,0.0,Consensus/Semantic Scholar 2026-09,0,0.0,34,albouy2008; beland2010; bloom1992; boulet1983; bousmah2021; chiswick1988; christofides1998; christofides2010; coleman1984; fortin2011; grenier1984; grenier1987; grenier2016; grenier2019; laczko1995; levine1990; mcroberts1988; nadeau2010; sales1985; shapiro1982; shapiro1987; shapiro1997; vaillancourt1985; vaillancourt1988; vaillancourt1989; vaillancourt1991; vaillancourt1996; vaillancourt2001; vaillancourt2007; vaillancourt2013; vaillancourt2017; vaillancourt2018; vaillancourt2020; vaillancourt2024,1,1,backward,"bibliographies vaillancourt2013, christofides2010 ; Consensus",inclus,2,2,1,1,6,0.0,0.47619047619047616,0.425,0.289,"(Lacroix et Vaillancourt, 1981)","Les revenus et la langue au Québec (1970-1978) (Lacroix et Vaillancourt, 1981)",Recensement 1971 et enquêtes 1978-1979 : le lien positif entre revenu et connaissance de l'anglais perd de l'importance entre 1970 et 1978.,65.0
87,nakhaie1994,"Nakhaie, M. Reza",,1994,"Class, gender and ethnic income inequalities in 1973 and 1984: Findings from the Canadian national surveys","Review of Radical Political Economics, 26(1)",article,en,10.1177/048661349402600102,,4.0,Consensus/Semantic Scholar 2026-09,0,4.0,6,helmeshayes1998; laczko1995; lian1998; nakhaie1997; wanner1999; wanner2005,1,1,backward,Consensus,contexte,1,2,1,1,5,0.27130333652417077,0.6309523809523809,0.075,0.283,"(Nakhaie, 1994)","Class, gender and ethnic income inequalities in 1973 an... (Nakhaie, 1994)","Enquêtes nationales 1973 et 1984 : les écarts de revenu anglophones/francophones sont beaucoup plus faibles que les écarts de classe et de sexe, et encore plus en 1984 ; amélioration liée à des structures salariales moins discriminatoires.",
88,vaillancourt1978,"Vaillancourt, François",,1978,Les attributs linguistiques et la détermination du revenu des hommes au Québec en 1971 : les groupes d'âge et d'éducation,"L'Actualité économique, 54(4)",article,fr,10.7202/800839ar,,2.0,Consensus/Semantic Scholar 2026-09,0,2.0,19,boulet1980; boulet1983; breton1978; carliner1981; chiswick1988; fenwick1982; grenier1984; grenier1987; lacroix1981; ram1980; shapiro1981; shapiro1982; shapiro1987; shapiro1997; vaillancourt1979; vaillancourt1980; vaillancourt1985; vaillancourt1988; vaillancourt1996,1,1,backward,Consensus,inclus,2,2,1,1,6,0.18519333809611485,0.44047619047619047,0.2375,0.27,"(Vaillancourt, 1978)","Les attributs linguistiques et la détermination du reve... (Vaillancourt, 1978)","En 1970, la connaissance de l'anglais est une compétence mieux rémunérée que celle du français au Québec ; rendements variant avec l'âge mais pas avec la scolarité.",66.0
89,vaillancourt2024,"Vaillancourt, François; Sintes, Amélie; Grine, Feriel",,2024,"La rémunération des attributs linguistiques au Québec en 2020, son évolution depuis 1970 et le taux de rendement du bilinguisme des francophones en 2020","CIRANO, Rapport de projet",report,fr,10.54932/bpkc2426,,0.0,Consensus/Semantic Scholar 2026-09,0,0.0,2,donovan2024; vaillancourt2024b,1,0,seed,Consensus,inclus,2,2,1,1,6,0.0,0.9880952380952381,0.025,0.257,"(Vaillancourt et al., 2024)","La rémunération des attributs linguistiques au Québec e... (Vaillancourt et al., 2024)","Neuf recensements (1971-2021). En 2020 : bilingues (allophones, anglophones, francophones) en tête ; rupture nette entre 1970 et 1980-2020 dans la sur-rémunération des hommes anglophones ; anglophones désormais au niveau des unilingues francophones (effet net).",67.0
90,donovan2024,"Donovan, Patrick; Bell, Shannon",,2024,"Disparités de revenus entre les anglophones et les francophones du Québec / Income disparities between Quebec's English speakers and French speakers (Brief no 14, version révisée, août 2024)","QUESCREN, École des affaires publiques et communautaires, Université Concordia",report,fr/en,,https://www.concordia.ca/content/dam/artsci/scpa/quescren/docs/Brief_14_FRA.pdf,0.0,non trouvé dans Consensus (littérature grise),0,0.0,0,,1,0,seed,WebSearch,inclus,2,2,1,1,6,0.0,0.9880952380952381,0.0,0.247,"(Donovan et Bell, 2024)","Disparités de revenus entre les anglophones et les fran... (Donovan et Bell, 2024)","Note de synthèse (révisée par V. Geloso et L. O'Donnell) sur les disparités de revenu anglophones/francophones au Québec à partir des recensements récents (2016, 2021) : revenu médian et taux de chômage défavorables aux anglophones, effets de composition (immigration, région).",68.0
91,vaillancourt2024b,"Vaillancourt, François; et al.",,2024,"La propriété des employeurs du Québec, 2023 : la place des francophones","CIRANO, Rapport de projet",report,fr,10.54932/kaoe9156,,0.0,Consensus/Semantic Scholar 2026-09,0,0.0,0,,1,1,forward,Consensus,inclus,2,2,1,1,6,0.0,0.9880952380952381,0.0,0.247,"(Vaillancourt et et al., 2024)","La propriété des employeurs du Québec, 2023 : la place... (Vaillancourt et et al., 2024)",Statut socioprofessionnel/contrôle : 73 % de l'emploi au Québec relève d'employeurs sous contrôle canadien francophone en 2023 contre 47 % en 1961 ; contrôle non francophone 39 % → 20 % ; étranger 14 % → 7 %.,69.0
92,blishen1970,"Blishen, Bernard R.",,1970,Social class and opportunity in Canada,"Canadian Review of Sociology and Anthropology, 7(2), 110-127",article,en,10.1111/j.1755-618x.1970.tb01152.x,,12.0,Consensus/Semantic Scholar 2026-09,0,12.0,1,blishen1987,1,3,forward,citant blishen1958 et porter1965 (Consensus),inclus,1,2,1,1,5,0.4323741309426475,0.34523809523809523,0.0125,0.243,"(Blishen, 1970)","Social class and opportunity in Canada (Blishen, 1970)","Recensement 1961 : six classes construites avec l'indice socioéconomique de 320 professions ; au Québec, les natifs (majoritairement francophones) sont sous-représentés dans les trois classes supérieures, les immigrants des États-Unis, du Royaume-Uni et d'Allemagne surreprésentés.",70.0
93,hughes1941,"Hughes, Everett C.; McDonald, Margaret L.",,1941,French and English in the economic structure of Montreal,"Canadian Journal of Economics and Political Science, 7(4), 493-505",article,en,10.2307/137222,,14.0,Consensus/Semantic Scholar 2026-09,0,14.0,13,dofny1962; hughes1943; levine1990; lieberson1970; porter1965; raynauld1966; raynauld1974; rcbb1969; taylor1961; vaillancourt1980; vaillancourt1989; vaillancourt2005; vaillancourt2024b,0,1,backward,Consensus,contexte,2,2,0,1,5,0.45649667462028565,0.0,0.1625,0.225,"(Hughes et McDonald, 1941)","French and English in the economic structure of Montreal (Hughes et McDonald, 1941)",Point de départ historique : positions de contrôle financier à Montréal ; les anglophones exercent une part du contrôle bien supérieure à leur poids démographique.,
94,beland1987,"Béland, François",,1987,"A comparison of the mobility structures of francophones and anglophones in Quebec: 1954, 1964, 1974","Canadian Review of Sociology and Anthropology, 24(2), 232-251",article,en,10.1111/j.1755-618x.1987.tb01094.x,,2.0,Consensus/Semantic Scholar 2026-09,0,2.0,4,laczko1995; nakhaie1994; wanner1999; wanner2005,1,1,backward,Consensus,inclus,2,2,1,1,6,0.18519333809611485,0.5476190476190477,0.05,0.222,"(Béland, 1987)","A comparison of the mobility structures of francophones... (Béland, 1987)","Statut socioprofessionnel : comparaison des structures de mobilité professionnelle des francophones et des anglophones du Québec à trois dates (1954, 1964, 1974).",71.0
95,shapiro1982,"Shapiro, Daniel M.; Stelcner, Morton",,1982,Language legislation and male-female earnings differentials in Quebec,"Canadian Public Policy / Analyse de politiques, 8(1), 106-113",article,en,10.2307/3549814,,2.0,Consensus/Semantic Scholar 2026-09,0,2.0,6,boulet1983; grenier1984; shapiro1987; shapiro1997; vaillancourt1985; vaillancourt1988,1,1,backward,Consensus,inclus,2,2,1,1,6,0.18519333809611485,0.4880952380952381,0.075,0.217,"(Shapiro et Stelcner, 1982)","Language legislation and male-female earnings different... (Shapiro et Stelcner, 1982)","Commentaire sur les prémisses économiques de la Loi 101 (structure des professions, contrôle des entreprises, disparités de revenu) discutées par Vaillancourt (1978).",72.0
96,beland1982,"Béland, François",,1982,Une étude de la mobilité sociale au Québec de 1954 à 1974 et une méthode d'analyse statistique : des résultats divergents,"Canadian Review of Sociology and Anthropology, 19(3)",article,fr,10.1111/j.1755-618x.1982.tb00863.x,,2.0,Consensus/Semantic Scholar 2026-09,0,2.0,2,beland1987; boyd1985,1,3,forward,citant dofny1969/dejocas1957 (Consensus),contexte,1,2,1,0,4,0.18519333809611485,0.4880952380952381,0.025,0.197,"(Béland, 1982)","Une étude de la mobilité sociale au Québec de 1954 à 19... (Béland, 1982)",Réanalyse des tables de mobilité 1954-1964-1974 (Garon-Audy) : la stabilité ou le changement de la structure de mobilité au Québec dépend du modèle statistique retenu.,
97,vaillancourt1979,"Vaillancourt, François",,1979,Language and the earnings of Quebec males in 1970 in specific industries and occupations,"Recherches économiques de Louvain, 45(3)",article,en,10.1017/s0770451800081318,,0.0,Consensus/Semantic Scholar 2026-09,0,0.0,10,boulet1980; boulet1983; carliner1981; grenier1984; lacroix1981; shapiro1981; shapiro1987; vaillancourt1980; vaillancourt1985; vaillancourt1988,1,1,backward,Consensus,inclus,2,2,1,1,6,0.0,0.4523809523809524,0.125,0.163,"(Vaillancourt, 1979)","Language and the earnings of Quebec males in 1970 in sp... (Vaillancourt, 1979)","Rendement de l'anglais supérieur à celui du français, toutes choses égales, en 1970 ; résultats par industrie et par profession.",73.0
98,grenier1984,"Grenier, Gilles",,1984,"Participation au marché du travail, revenus et langues au Québec : le cas des femmes mariées","L'Actualité économique, 60(1)",article,fr,10.7202/601434ar,,0.0,Consensus/Semantic Scholar 2026-09,0,0.0,7,grenier1987; grenier2019; shapiro1987; shapiro1997; vaillancourt1985; vaillancourt1988; vaillancourt1996,1,1,backward,Consensus,inclus,2,2,1,1,6,0.0,0.5119047619047619,0.0875,0.163,"(Grenier, 1984)","Participation au marché du travail, revenus et langues... (Grenier, 1984)",Revenus des femmes mariées par groupe linguistique au Québec en 1980 ; les attributs linguistiques ont peu d'effet sur le revenu des femmes ; allophones distinctes.,74.0
99,ram1980,"Ram, Bali; et al.",,1980,Anglophone-Francophone differences in returns to schooling in Canada,"International Journal of Comparative Sociology, 21(1-2)",article,en,10.1177/002071528002100104,,0.0,Consensus/Semantic Scholar 2026-09,0,0.0,3,herberg1990; lautard1990; wanner1999,1,1,backward,Consensus,inclus,2,2,1,1,6,0.0,0.4642857142857143,0.0375,0.131,"(Ram et et al., 1980)","Anglophone-Francophone differences in returns to school... (Ram et et al., 1980)","Rendements de la scolarité anglophones/francophones ; rappelle que, selon toute mesure (scolarité, revenu, profession, propriété), les francophones sont en retard (de Jocas & Rocher 1957 ; CRBB 1969 ; Lieberson 1970 ; Beattie & Spencer 1971 ; Lanphier & Morris 1974).",75.0
100,raynauld1975,"Raynauld, André; Marion, Gérald",,1975,Structural aspects of differences in income between anglophones and francophones: A reply,"Canadian Review of Sociology and Anthropology, 12(1)",article,en,10.1111/j.1755-618x.1975.tb00041.x,,0.0,Consensus/Semantic Scholar 2026-09,0,0.0,6,boulet1980; fenwick1982; lacroix1981; ram1980; vaillancourt1978; vaillancourt1980,1,1,backward,Consensus,inclus,2,2,1,1,6,0.0,0.40476190476190477,0.075,0.131,"(Raynauld et Marion, 1975)","Structural aspects of differences in income between ang... (Raynauld et Marion, 1975)",Réplique des auteurs de l'étude B-B à Lanphier & Morris (1974) sur l'interprétation structurelle des écarts de revenu de 1961.,76.0
